tpch,arquero,[],1785519903898,"[0.01, 1.0]",Arquero does not implement join reordering and query unnesting. The plans were generated by a relational database and were manually migrated to the Arquero API.,arquero_tpch_001_q1,"Benchmark `arquero_tpch_001_q1` failed to run `before` callback: Unrecognized type: ""undefined""",0,0,0.0,0.0,0.0,0.0,0.0,0.0,0.0,0.0
tpch,arquero,[],1785519903898,"[0.01, 2.0]",Arquero does not implement join reordering and query unnesting. The plans were generated by a relational database and were manually migrated to the Arquero API.,arquero_tpch_001_q2,"Benchmark `arquero_tpch_001_q2` failed to run `before` callback: Unrecognized type: ""undefined""",0,0,0.0,0.0,0.0,0.0,0.0,0.0,0.0,0.0
tpch,arquero,[],1785519903898,"[0.01, 3.0]",Arquero does not implement join reordering and query unnesting. The plans were generated by a relational database and were manually migrated to the Arquero API.,arquero_tpch_001_q3,"Benchmark `arquero_tpch_001_q3` failed to run `before` callback: Unrecognized type: ""undefined""",0,0,0.0,0.0,0.0,0.0,0.0,0.0,0.0,0.0
tpch,arquero,[],1785519903898,"[0.01, 4.0]",Arquero does not implement join reordering and query unnesting. The plans were generated by a relational database and were manually migrated to the Arquero API.,arquero_tpch_001_q4,"Benchmark `arquero_tpch_001_q4` failed to run `before` callback: Unrecognized type: ""undefined""",0,0,0.0,0.0,0.0,0.0,0.0,0.0,0.0,0.0
tpch,arquero,[],1785519903898,"[0.01, 5.0]",Arquero does not implement join reordering and query unnesting. The plans were generated by a relational database and were manually migrated to the Arquero API.,arquero_tpch_001_q5,"Benchmark `arquero_tpch_001_q5` failed to run `before` callback: Unrecognized type: ""undefined""",0,0,0.0,0.0,0.0,0.0,0.0,0.0,0.0,0.0
tpch,arquero,[],1785519903898,"[0.01, 6.0]",Arquero does not implement join reordering and query unnesting. The plans were generated by a relational database and were manually migrated to the Arquero API.,arquero_tpch_001_q6,"Benchmark `arquero_tpch_001_q6` failed to run `before` callback: Unrecognized type: ""undefined""",0,0,0.0,0.0,0.0,0.0,0.0,0.0,0.0,0.0
tpch,arquero,[],1785519903898,"[0.01, 7.0]",Arquero does not implement join reordering and query unnesting. The plans were generated by a relational database and were manually migrated to the Arquero API.,arquero_tpch_001_q7,"Benchmark `arquero_tpch_001_q7` failed to run `before` callback: Unrecognized type: ""undefined""",0,0,0.0,0.0,0.0,0.0,0.0,0.0,0.0,0.0
tpch,arquero,[],1785519903898,"[0.01, 8.0]",Arquero does not implement join reordering and query unnesting. The plans were generated by a relational database and were manually migrated to the Arquero API.,arquero_tpch_001_q8,"Benchmark `arquero_tpch_001_q8` failed to run `before` callback: Unrecognized type: ""undefined""",0,0,0.0,0.0,0.0,0.0,0.0,0.0,0.0,0.0
tpch,arquero,[],1785519903898,"[0.01, 9.0]",Arquero does not implement join reordering and query unnesting. The plans were generated by a relational database and were manually migrated to the Arquero API.,arquero_tpch_001_q9,"Benchmark `arquero_tpch_001_q9` failed to run `before` callback: Unrecognized type: ""undefined""",0,0,0.0,0.0,0.0,0.0,0.0,0.0,0.0,0.0
tpch,arquero,[],1785519903898,"[0.01, 10.0]",Arquero does not implement join reordering and query unnesting. The plans were generated by a relational database and were manually migrated to the Arquero API.,arquero_tpch_001_q10,"Benchmark `arquero_tpch_001_q10` failed to run `before` callback: Unrecognized type: ""undefined""",0,0,0.0,0.0,0.0,0.0,0.0,0.0,0.0,0.0
tpch,arquero,[],1785519903898,"[0.01, 11.0]",Arquero does not implement join reordering and query unnesting. The plans were generated by a relational database and were manually migrated to the Arquero API.,arquero_tpch_001_q11,"Benchmark `arquero_tpch_001_q11` failed to run `before` callback: Unrecognized type: ""undefined""",0,0,0.0,0.0,0.0,0.0,0.0,0.0,0.0,0.0
tpch,arquero,[],1785519903898,"[0.01, 12.0]",Arquero does not implement join reordering and query unnesting. The plans were generated by a relational database and were manually migrated to the Arquero API.,arquero_tpch_001_q12,"Benchmark `arquero_tpch_001_q12` failed to run `before` callback: Unrecognized type: ""undefined""",0,0,0.0,0.0,0.0,0.0,0.0,0.0,0.0,0.0
tpch,arquero,[],1785519903898,"[0.01, 13.0]",Arquero does not implement join reordering and query unnesting. The plans were generated by a relational database and were manually migrated to the Arquero API.,arquero_tpch_001_q13,"Benchmark `arquero_tpch_001_q13` failed to run `before` callback: Unrecognized type: ""undefined""",0,0,0.0,0.0,0.0,0.0,0.0,0.0,0.0,0.0
tpch,arquero,[],1785519903898,"[0.01, 14.0]",Arquero does not implement join reordering and query unnesting. The plans were generated by a relational database and were manually migrated to the Arquero API.,arquero_tpch_001_q14,"Benchmark `arquero_tpch_001_q14` failed to run `before` callback: Unrecognized type: ""undefined""",0,0,0.0,0.0,0.0,0.0,0.0,0.0,0.0,0.0
tpch,arquero,[],1785519903898,"[0.01, 15.0]",Arquero does not implement join reordering and query unnesting. The plans were generated by a relational database and were manually migrated to the Arquero API.,arquero_tpch_001_q15,"Benchmark `arquero_tpch_001_q15` failed to run `before` callback: Unrecognized type: ""undefined""",0,0,0.0,0.0,0.0,0.0,0.0,0.0,0.0,0.0
tpch,arquero,[],1785519903898,"[0.01, 16.0]",Arquero does not implement join reordering and query unnesting. The plans were generated by a relational database and were manually migrated to the Arquero API.,arquero_tpch_001_q16,"Benchmark `arquero_tpch_001_q16` failed to run `before` callback: Unrecognized type: ""undefined""",0,0,0.0,0.0,0.0,0.0,0.0,0.0,0.0,0.0
tpch,arquero,[],1785519903898,"[0.01, 17.0]",Arquero does not implement join reordering and query unnesting. The plans were generated by a relational database and were manually migrated to the Arquero API.,arquero_tpch_001_q17,"Benchmark `arquero_tpch_001_q17` failed to run `before` callback: Unrecognized type: ""undefined""",0,0,0.0,0.0,0.0,0.0,0.0,0.0,0.0,0.0
tpch,arquero,[],1785519903898,"[0.01, 18.0]",Arquero does not implement join reordering and query unnesting. The plans were generated by a relational database and were manually migrated to the Arquero API.,arquero_tpch_001_q18,"Benchmark `arquero_tpch_001_q18` failed to run `before` callback: Unrecognized type: ""undefined""",0,0,0.0,0.0,0.0,0.0,0.0,0.0,0.0,0.0
tpch,arquero,[],1785519903898,"[0.01, 19.0]",Arquero does not implement join reordering and query unnesting. The plans were generated by a relational database and were manually migrated to the Arquero API.,arquero_tpch_001_q19,"Benchmark `arquero_tpch_001_q19` failed to run `before` callback: Unrecognized type: ""undefined""",0,0,0.0,0.0,0.0,0.0,0.0,0.0,0.0,0.0
tpch,arquero,[],1785519903898,"[0.01, 20.0]",Arquero does not implement join reordering and query unnesting. The plans were generated by a relational database and were manually migrated to the Arquero API.,arquero_tpch_001_q20,"Benchmark `arquero_tpch_001_q20` failed to run `before` callback: Unrecognized type: ""undefined""",0,0,0.0,0.0,0.0,0.0,0.0,0.0,0.0,0.0
tpch,arquero,[],1785519903898,"[0.01, 21.0]",Arquero does not implement join reordering and query unnesting. The plans were generated by a relational database and were manually migrated to the Arquero API.,arquero_tpch_001_q21,"Benchmark `arquero_tpch_001_q21` failed to run `before` callback: Unrecognized type: ""undefined""",0,0,0.0,0.0,0.0,0.0,0.0,0.0,0.0,0.0
tpch,arquero,[],1785519903898,"[0.01, 22.0]",Arquero does not implement join reordering and query unnesting. The plans were generated by a relational database and were manually migrated to the Arquero API.,arquero_tpch_001_q22,"Benchmark `arquero_tpch_001_q22` failed to run `before` callback: Unrecognized type: ""undefined""",0,0,0.0,0.0,0.0,0.0,0.0,0.0,0.0,0.0
tpch,lovefield,[],1785520268396,"[0.1, 1.0]",Lovefield does not support arithmetic operations and nested subqueries. Aggregates and order by clauses were often simplified. Some queries with nesting were dropped.,lovefield_tpch_01_q1,Benchmark `lovefield_tpch_01_q1` failed to run `fn`: a.getTime is not a function,1,1,0.0,0.0,0.0,0.0,0.0,0.0,0.0,0.0
tpch,lovefield,[],1785520268396,"[0.1, 3.0]",Lovefield does not support arithmetic operations and nested subqueries. Aggregates and order by clauses were often simplified. Some queries with nesting were dropped.,lovefield_tpch_01_q3,Benchmark `lovefield_tpch_01_q3` failed to run `fn`: a.getTime is not a function,1,1,0.0,0.0,0.0,0.0,0.0,0.0,0.0,0.0
tpch,lovefield,[],1785520268396,"[0.1, 4.0]",Lovefield does not support arithmetic operations and nested subqueries. Aggregates and order by clauses were often simplified. Some queries with nesting were dropped.,lovefield_tpch_01_q4,Benchmark `lovefield_tpch_01_q4` failed to run `fn`: a.getTime is not a function,1,1,0.0,0.0,0.0,0.0,0.0,0.0,0.0,0.0
tpch,lovefield,[],1785520268396,"[0.1, 5.0]",Lovefield does not support arithmetic operations and nested subqueries. Aggregates and order by clauses were often simplified. Some queries with nesting were dropped.,lovefield_tpch_01_q5,Benchmark `lovefield_tpch_01_q5` failed to run `fn`: a.getTime is not a function,1,1,0.0,0.0,0.0,0.0,0.0,0.0,0.0,0.0
tpch,lovefield,[],1785520268396,"[0.1, 6.0]",Lovefield does not support arithmetic operations and nested subqueries. Aggregates and order by clauses were often simplified. Some queries with nesting were dropped.,lovefield_tpch_01_q6,,32,5,5.81910824772373,171.84763668748928,158.09174900013022,47.19749981077426,380.2833400000818,153.01118799997494,5499.124373999657,5500.048327000113
tpch,lovefield,[],1785520268396,"[0.1, 7.0]",Lovefield does not support arithmetic operations and nested subqueries. Aggregates and order by clauses were often simplified. Some queries with nesting were dropped.,lovefield_tpch_01_q7,Benchmark `lovefield_tpch_01_q7` failed to run `fn`: a.getTime is not a function,1,1,0.0,0.0,0.0,0.0,0.0,0.0,0.0,0.0
tpch,lovefield,[],1785520268396,"[0.1, 8.0]",Lovefield does not support arithmetic operations and nested subqueries. Aggregates and order by clauses were often simplified. Some queries with nesting were dropped.,lovefield_tpch_01_q8,Benchmark `lovefield_tpch_01_q8` failed to run `fn`: a.getTime is not a function,1,1,0.0,0.0,0.0,0.0,0.0,0.0,0.0,0.0
tpch,lovefield,[],1785520268396,"[0.1, 9.0]",Lovefield does not support arithmetic operations and nested subqueries. Aggregates and order by clauses were often simplified. Some queries with nesting were dropped.,lovefield_tpch_01_q9,,2,2,0.2513415699376704,3978.6494539999403,4309.811260999879,331.16180699993856,4309.811260999879,3647.4876470000017,7957.298907999881,7957.333923999919
tpch,lovefield,[],1785520268396,"[0.1, 10.0]",Lovefield does not support arithmetic operations and nested subqueries. Aggregates and order by clauses were often simplified. Some queries with nesting were dropped.,lovefield_tpch_01_q10,Benchmark `lovefield_tpch_01_q10` failed to run `fn`: a.getTime is not a function,1,1,0.0,0.0,0.0,0.0,0.0,0.0,0.0,0.0
tpch,lovefield,[],1785520268396,"[0.1, 12.0]",Lovefield does not support arithmetic operations and nested subqueries. Aggregates and order by clauses were often simplified. Some queries with nesting were dropped.,lovefield_tpch_01_q12,Benchmark `lovefield_tpch_01_q12` failed to run `fn`: a.getTime is not a function,1,1,0.0,0.0,0.0,0.0,0.0,0.0,0.0,0.0
tpch,lovefield,[],1785520268396,"[0.1, 13.0]","",lovefield_tpch_01_q13,,8,4,1.2588250898680053,794.391538625001,786.9270059999544,18.857526776020837,841.2017070001457,778.3115389999002,6355.132309000008,6355.260157999583
tpch,lovefield,[],1785520268396,"[0.1, 14.0]","",lovefield_tpch_01_q14,Benchmark `lovefield_tpch_01_q14` failed to run `fn`: a.getTime is not a function,1,1,0.0,0.0,0.0,0.0,0.0,0.0,0.0,0.0
tpch,lovefield,[],1785520268396,"[0.1, 16.0]","",lovefield_tpch_01_q16,,31,5,5.832987379478813,171.43873883871692,157.08365799998865,60.609646095495606,407.890682999976,136.49844600004144,5314.600904000225,5315.125173000386
tpch,lovefield,[],1785520268396,"[0.1, 19.0]",Lovefield does not support arithmetic operations and nested subqueries. Aggregates and order by clauses were often simplified. Some queries with nesting were dropped.,lovefield_tpch_01_q19,,6,3,1.0034145021513363,996.5971169999879,950.2595250001177,131.74517035669095,1289.1848349999636,913.2333909999579,5979.582701999927,5979.67373200017
tpch,duckdb,[sync],1785519952347,"[0.1, 1.0]",,duckdb_sync_tpch_01_q1,,118,5,23.08555323476496,43.317133872888164,42.198853000067174,3.4131497303782674,69.03242899989709,41.37557699996978,5111.421797000803,5113.2747610001825
tpch,duckdb,[sync],1785519952347,"[0.1, 2.0]",,duckdb_sync_tpch_01_q2,,614,5,122.17920136893956,8.184699104230848,7.710199000081047,1.6687653819804618,29.225942000048235,7.2735159997828305,5025.405249997741,5029.755465002963
tpch,duckdb,[sync],1785519952347,"[0.1, 3.0]",,duckdb_sync_tpch_01_q3,,581,5,115.64191696568598,8.647383459552357,8.511254000011832,0.596066215458258,13.964235000079498,8.303476999979466,5024.129789999919,5027.932469999418
tpch,duckdb,[sync],1785519952347,"[0.1, 4.0]",,duckdb_sync_tpch_01_q4,,416,5,82.61811750849137,12.1038826610546,11.976801000069827,0.48393022015159304,18.465711999917403,11.812725000083447,5035.215186998714,5042.071815000614
tpch,duckdb,[sync],1785519952347,"[0.1, 5.0]",,duckdb_sync_tpch_01_q5,,546,5,108.76083378092285,9.194486335166406,9.100674000103027,0.46348359285710483,16.253493000054732,8.979427000042051,5020.189539000858,5029.563798000105
tpch,duckdb,[sync],1785519952347,"[0.1, 6.0]",,duckdb_sync_tpch_01_q6,,987,5,197.17897305833813,5.0715346798369625,5.003828999819234,0.33220981032117786,11.04925199993886,4.8866600000765175,5005.604728999082,5010.080553005682
tpch,duckdb,[sync],1785519952347,"[0.1, 7.0]",,duckdb_sync_tpch_01_q7,,369,5,73.26894028772256,13.648348073181658,13.510606999974698,0.5817059518393269,20.508444000035524,13.335138999857008,5036.240439004032,5038.260204999708
tpch,duckdb,[sync],1785519952347,"[0.1, 8.0]",,duckdb_sync_tpch_01_q8,,399,5,79.3903703318459,12.595986085215042,12.46560400002636,0.6671157494054409,21.496417000191286,12.309432999929413,5025.798448000802,5027.752343997359
tpch,duckdb,[sync],1785519952347,"[0.1, 9.0]",,duckdb_sync_tpch_01_q9,,221,5,43.81515154425581,22.82315511313347,22.758151999907568,0.5188703963015,29.399357000133023,22.388593000127003,5043.917280002497,5045.80518899858
tpch,duckdb,[sync],1785519952347,"[0.1, 10.0]",,duckdb_sync_tpch_01_q10,,173,5,34.12452175829291,29.30443998843679,29.065243000164628,1.0796852826839303,40.73138500005007,28.832307999953628,5069.668117999565,5071.202811000403
tpch,duckdb,[sync],1785519952347,"[0.1, 11.0]",,duckdb_sync_tpch_01_q11,,1362,5,272.3007437647395,3.672410093980401,3.587766000069678,0.46702369119600945,9.996806000126526,3.5088380000088364,5001.822548001306,5008.212519991677
tpch,duckdb,[sync],1785519952347,"[0.1, 12.0]",,duckdb_sync_tpch_01_q12,,235,5,46.95641946534063,21.296342680857894,21.19153399998322,0.46299086002290807,24.51399500016123,20.969419999979436,5004.640530001605,5006.066323000239
tpch,duckdb,[sync],1785519952347,"[0.1, 13.0]",,duckdb_sync_tpch_01_q13,,180,5,35.833384687063216,27.906936749991857,27.84761599986814,0.19066287157700898,29.130229000002146,27.706110999919474,5023.248614998534,5024.2590520014055
tpch,duckdb,[sync],1785519952348,"[0.1, 14.0]",,duckdb_sync_tpch_01_q14,,775,5,154.62682942380843,6.467182983227014,6.416673999978229,0.27955887980687,10.292726999847218,6.340030999854207,5012.066812000936,5015.508029999211
tpch,duckdb,[sync],1785519952348,"[0.1, 15.0]",,duckdb_sync_tpch_01_q15,,872,5,174.08095615648773,5.744453741976598,5.71072500012815,0.20891607213706945,9.750241999980062,5.6271200000774115,5009.163663003594,5013.201921003638
tpch,duckdb,[sync],1785519952348,"[0.1, 16.0]",,duckdb_sync_tpch_01_q16,,598,5,119.00278698882262,8.403164541801239,8.295638999901712,0.5686845741953633,14.720655999844894,8.191823999863118,5025.092395997141,5027.934268001234
tpch,duckdb,[sync],1785519952348,"[0.1, 17.0]",,duckdb_sync_tpch_01_q17,,641,5,127.84387796574549,7.822040569419681,7.7861480000428855,0.28561074155590077,14.418642000062391,7.704835999989882,5013.928004998015,5016.795203998219
tpch,duckdb,[sync],1785519952348,"[0.1, 18.0]",,duckdb_sync_tpch_01_q18,,269,5,53.23481826367852,18.784698297397743,18.703694000141695,0.4905968651513046,25.82879099994898,18.508033000165597,5053.083841999993,5054.4275130017195
tpch,duckdb,[sync],1785519952348,"[0.1, 19.0]",,duckdb_sync_tpch_01_q19,,160,5,31.24396957215499,32.00617634998635,31.91174199990928,0.45237542097038097,36.86852200003341,31.735052000032738,5120.988215997815,5121.986792002339
tpch,duckdb,[sync],1785519952348,"[0.1, 20.0]",,duckdb_sync_tpch_01_q20,,485,5,96.3079959608407,10.38335384329464,10.319735000142828,0.3902125620732107,15.705964999971911,9.75276800012216,5035.926613997901,5038.18247800204
tpch,duckdb,[sync],1785519952349,"[0.1, 21.0]",,duckdb_sync_tpch_01_q21,,147,5,28.97819955755188,34.50870017006955,34.430061999941245,0.6087318321218039,40.656289000064135,33.10172299994156,5072.778925000224,5073.610898000188
tpch,duckdb,[sync],1785519952349,"[0.1, 22.0]",,duckdb_sync_tpch_01_q22,,887,5,177.12478506769344,5.645737267191718,5.597435000119731,0.3270896816763058,11.70666699996218,5.524658999871463,5007.768955999054,5011.740189999575
integer_sum,lovefield,[],1785519564175,"[1000.0, 10.0]",,lovefield_integer_sum_1000,,15605,6,2618.493730255732,0.3818989476451166,0.3491410000715405,0.12292360569849717,4.853226999985054,0.30313599994406104,5959.533078002045,5997.181970992358
integer_sum,lovefield,[],1785519564175,"[10000.0, 10.0]",,lovefield_integer_sum_10000,,1139,5,227.6526183775832,4.3926575812161595,4.205126999877393,0.4655885994171045,11.15558600006625,3.681038999930024,5003.2369850052055,5008.183062998345
integer_sum,lovefield,[],1785519564175,"[100000.0, 10.0]",,lovefield_integer_sum_100000,,60,5,11.582884090789,86.33428359999088,83.22452300018631,11.206858393966527,131.62719199992716,78.17848000000231,5180.057015999453,5180.982374000363
integer_sum,sqljs,[],1785519564175,"[1000.0, 10.0]",,sqljs_integer_sum_1000,,15300,6,2570.1788442156685,0.3890779827444912,0.38023999985307455,0.08162751687132695,2.941221999935806,0.33172000013291836,5952.893135990715,5997.822551004821
integer_sum,sqljs,[],1785519564175,"[10000.0, 10.0]",,sqljs_integer_sum_10000,,1122,5,224.17843812778278,4.46073230035618,4.46618300001137,0.15973265132911474,7.0088239999022335,4.089098999975249,5004.941640999634,5008.931412005564
integer_sum,sqljs,[],1785519564175,"[100000.0, 10.0]",,sqljs_integer_sum_100000,,102,5,19.92209608079308,50.19552139215418,50.498151999898255,0.9815329198073398,53.23235599999316,47.07381900004111,5119.943181999726,5120.411114000715
integer_sum,arquero,[],1785519564175,"[1000.0, 10.0]",,arquero_integer_sum_1000,,37758,6,6419.3945152892475,0.15577793164421858,0.14546100003644824,0.060348398961670796,8.679324000142515,0.1289709999691695,5881.863143022405,5991.300718001556
integer_sum,arquero,[],1785519564175,"[10000.0, 10.0]",,arquero_integer_sum_10000,,574,5,114.28250179273704,8.750245963407433,8.778585999971256,0.4650241033850234,16.523541999980807,8.057950000045821,5022.641182995867,5024.582930000732
integer_sum,arquero,[],1785519564175,"[100000.0, 10.0]",,arquero_integer_sum_100000,,5,5,0.8807212278696396,1135.4330614000094,1125.7069300001021,30.858340512024174,1177.8317589999642,1097.5714020000305,5677.165307000047,5677.243405000074
integer_sum,duckdb,[sync],1785519564175,"[1000.0, 10.0]",,duckdb_sync_integer_sum_1000,,11171,6,1879.9640120728916,0.5319250760004587,0.46766399987973273,0.3156050473570612,11.612765999976546,0.4014589998405427,5942.135024001123,5997.972798008239
integer_sum,duckdb,[sync],1785519564175,"[10000.0, 10.0]",,duckdb_sync_integer_sum_10000,,5251,5,1054.8684318505816,0.9479855210432977,0.9312180001288652,0.1169212566017603,5.600604000035673,0.8358599999919534,4977.871970998356,5000.252002993831
integer_sum,duckdb,[sync],1785519564175,"[100000.0, 10.0]",,duckdb_sync_integer_sum_100000,,64,5,12.238820306979152,81.70722135937831,80.83597299992107,3.0864060743972788,97.81644900003448,79.49207999999635,5229.262167000212,5229.911150000058
tpch,sqljs,[],1785519791822,"[0.01, 1.0]",,sqljs_tpch_001_q1,,59,5,11.12759880510721,89.86664755931282,87.55787199991755,13.356388651789487,190.38083799998276,82.85213400004432,5302.132205999456,5303.294666000176
tpch,sqljs,[],1785519791822,"[0.01, 2.0]",,sqljs_tpch_001_q2,,2000,5,400.62330744964686,2.496110389497713,2.471832999959588,0.11459814549685667,4.877754000015557,2.247905000112951,4992.220778995426,5006.088420002721
tpch,sqljs,[],1785519791822,"[0.01, 3.0]",,sqljs_tpch_001_q3,,245,5,48.79564046158589,20.493634073462868,20.43681099987589,0.17137914194099302,22.065131000010297,20.150155999930575,5020.940347998403,5022.405562999658
tpch,sqljs,[],1785519791822,"[0.01, 4.0]",,sqljs_tpch_001_q4,,1066,5,212.82535042565044,4.698688375233501,4.6710759999696165,0.19870738427691378,8.464816000079736,4.28724000020884,5008.801807998912,5013.396481994074
tpch,sqljs,[],1785519791822,"[0.01, 5.0]",,sqljs_tpch_001_q5,,255,5,50.31717600605229,19.873929329414615,19.80177200003527,0.4035547983240271,24.915603999979794,19.672831000061706,5067.851979000727,5068.962587000569
tpch,sqljs,[],1785519791822,"[0.01, 6.0]",,sqljs_tpch_001_q6,,345,5,68.60529248472902,14.576134927528978,14.551507000112906,0.13087600237317332,15.953537999885157,14.25380999990739,5028.766549997497,5030.006827000761
tpch,sqljs,[],1785519791822,"[0.01, 7.0]",,sqljs_tpch_001_q7,,205,5,40.81626042818448,24.500039678046527,24.448236000025645,0.18871389379127482,25.743372000055388,24.312580999918282,5022.508133999538,5023.423391001532
tpch,sqljs,[],1785519791822,"[0.01, 8.0]",,sqljs_tpch_001_q8,,172,5,33.94730754146557,29.457417168608476,29.400979000143707,0.3792037265448723,33.01937199989334,28.224212999921292,5066.675753000658,5067.442665999988
tpch,sqljs,[],1785519791822,"[0.01, 9.0]",,sqljs_tpch_001_q9,,120,5,23.258623838652372,42.994805149999834,42.8807060001418,0.43969527184858154,45.193793000187725,42.22760699992068,5159.37661799998,5159.9362359996885
tpch,sqljs,[],1785519791822,"[0.01, 10.0]",,sqljs_tpch_001_q10,,362,5,71.95373839577694,13.897818546960881,13.841259999899194,0.30566103159640373,18.861146999988705,13.427548999898136,5031.010313999839,5032.827694000443
tpch,sqljs,[],1785519791822,"[0.01, 11.0]",,sqljs_tpch_001_q11,,773,5,154.192556008139,6.485397388102284,6.483017999911681,0.05262233913541011,6.8804699999745935,6.166207000147551,5013.212181003066,5016.277766002342
tpch,sqljs,[],1785519791822,"[0.01, 12.0]",,sqljs_tpch_001_q12,,400,5,79.8275050391158,12.527010577494512,12.5063300000038,0.1873297224106386,14.697007999988273,11.814308000029996,5010.804230997805,5012.687760998961
tpch,sqljs,[],1785519791822,"[0.01, 13.0]",,sqljs_tpch_001_q13,,125,5,24.814101037980482,40.29966664798371,40.24754999997094,0.2788885963610078,42.943231999874115,40.1126280000899,5037.458330997964,5038.180151998298
tpch,sqljs,[],1785519791822,"[0.01, 14.0]",,sqljs_tpch_001_q14,,386,5,76.7050746349865,13.036947095855936,13.004809000063688,0.44845265984375193,20.55910800001584,12.814655000111088,5032.261579000391,5033.850203996291
tpch,sqljs,[],1785519791822,"[0.01, 15.0]",,sqljs_tpch_001_q15,,190,5,37.39734997740509,26.739862600001995,26.603737000143155,0.29826384620756563,27.567104999907315,26.493161999853328,5080.573894000379,5081.41403500014
tpch,sqljs,[],1785519791822,"[0.01, 16.0]",,sqljs_tpch_001_q16,,1163,5,232.3109136464796,4.304576071366822,4.2821319999638945,0.09240122560749064,5.830210000043735,4.239040999906138,5006.221970999613,5010.680490004132
tpch,sqljs,[],1785519791822,"[0.01, 17.0]",,sqljs_tpch_001_q17,,225,5,44.380449291814514,22.532444262217936,22.417236000066623,0.2533738768010359,23.330670000053942,22.28777499985881,5069.799958999036,5070.678974998882
tpch,sqljs,[],1785519791822,"[0.01, 18.0]",,sqljs_tpch_001_q18,,305,5,60.70761250533749,16.47239874426092,16.38456799997948,0.3121483676520523,18.164462000131607,16.277597999898717,5024.0816169995815,5025.332759996876
tpch,sqljs,[],1785519791822,"[0.01, 19.0]",,sqljs_tpch_001_q19,,340,5,67.90336412854779,14.726810855893692,14.69790400005877,0.09321153920995241,15.305408000014722,14.621611000038683,5007.115691003855,5008.501487999689
tpch,sqljs,[],1785519791822,"[0.01, 20.0]",,sqljs_tpch_001_q20,,15,5,2.971710159679463,336.5065724000024,336.2768300001044,1.2096411398189049,340.0030829999596,335.07539499993436,5047.598586000036,5047.70181800006
tpch,sqljs,[],1785519791822,"[0.01, 21.0]",,sqljs_tpch_001_q21,,60,5,11.641560792600737,85.89913481666396,85.32967899995856,2.178015999791515,100.65963899996132,84.84788999985904,5153.948088999838,5154.301226000767
tpch,sqljs,[],1785519791822,"[0.01, 22.0]",,sqljs_tpch_001_q22,,55,5,10.695495062925202,93.49730836363001,93.09984400006942,1.5311162074618594,103.20047400007024,92.44352800003253,5142.351959999651,5142.625249999808
regex,lovefield,[],1785519495798,"[1000.0, 20.0]",,lovefield_regex_1000,,24117,6,4056.507758254848,0.24651746270299515,0.22797500004526228,0.06757658944042674,4.723324999911711,0.20494199998211116,5945.261648008134,5994.832956995466
regex,lovefield,[],1785519495798,"[10000.0, 20.0]",,lovefield_regex_10000,,2000,5,400.1682991815178,2.498948572501482,2.4471259999554604,0.2880300682918404,11.009396000066772,2.061794999986887,4997.897145002964,5004.179698001477
regex,lovefield,[],1785519495798,"[100000.0, 20.0]",,lovefield_regex_100000,,129,5,25.361613563484205,39.42966789147066,38.856985000078566,7.705576225343376,85.83264999999665,31.92568600003142,5086.427157999715,5087.8784809997305
regex,sqljs,[],1785519495798,"[1000.0, 20.0]",,sqljs_regex_1000,,38314,6,6490.53343103507,0.15407054144708815,0.14582100010011345,0.0440577480150422,4.0921379999490455,0.1314550000242889,5903.058725003735,5993.127637000522
regex,sqljs,[],1785519495798,"[10000.0, 20.0]",,sqljs_regex_10000,,4118,5,825.5200667210419,1.2113575917930024,1.2014219999546185,0.058182103840989596,2.8044340000487864,1.1707850000821054,4988.370563003584,5001.079552001203
regex,sqljs,[],1785519495798,"[100000.0, 20.0]",,sqljs_regex_100000,,420,5,83.83332723990925,11.928430290476951,11.916339999996126,0.06960897783811881,12.584516999893822,11.831401000032201,5009.9407220003195,5011.303996998817
regex,arquero,[],1785519495798,"[1000.0, 20.0]",,arquero_regex_1000,,85473,6,14705.602165039883,0.06800129561354062,0.062445999938063323,0.03577476471869274,7.7780669999774545,0.055813999962992966,5812.274739976157,5983.69341901294
regex,arquero,[],1785519495798,"[10000.0, 20.0]",,arquero_regex_10000,,13282,6,2226.6288215776212,0.4491094296046503,0.43772699998226017,0.11783797487761384,12.222221000003628,0.39134999993257225,5965.071444008965,5998.416201012675
regex,arquero,[],1785519495798,"[100000.0, 20.0]",,arquero_regex_100000,,1170,5,233.8131037869368,4.276920257263487,4.128916000016034,1.1064013416742562,40.61833700002171,3.7634539999999106,5003.996700998279,5008.428903997992
regex,duckdb,[sync],1785519495798,"[1000.0, 20.0]",,duckdb_sync_regex_1000,,12725,6,2144.7832738167235,0.46624757485191587,0.41261899995151907,0.30513863337611485,26.249800000106916,0.35418100003153086,5933.00038999063,5994.209263005527
regex,duckdb,[sync],1785519495798,"[10000.0, 20.0]",,duckdb_sync_regex_10000,,9038,6,1515.980356700586,0.6596391540167595,0.6521769999526441,0.11888046631115905,2.9343860000371933,0.5562480001244694,5961.818674003473,5999.286524997558
regex,duckdb,[sync],1785519495798,"[100000.0, 20.0]",,duckdb_sync_regex_100000,,2070,5,414.21922395096317,2.4141805647300996,2.4056189998518676,0.1407897427802359,4.1186550001148134,2.1850380001123995,4997.353768991306,5006.3019059998915
tpch,lovefield,[],1785519906172,"[0.01, 1.0]",Lovefield does not support arithmetic operations and nested subqueries. Aggregates and order by clauses were often simplified. Some queries with nesting were dropped.,lovefield_tpch_001_q1,Benchmark `lovefield_tpch_001_q1` failed to run `fn`: a.getTime is not a function,1,1,0.0,0.0,0.0,0.0,0.0,0.0,0.0,0.0
tpch,lovefield,[],1785519906172,"[0.01, 3.0]",Lovefield does not support arithmetic operations and nested subqueries. Aggregates and order by clauses were often simplified. Some queries with nesting were dropped.,lovefield_tpch_001_q3,Benchmark `lovefield_tpch_001_q3` failed to run `fn`: a.getTime is not a function,1,1,0.0,0.0,0.0,0.0,0.0,0.0,0.0,0.0
tpch,lovefield,[],1785519906173,"[0.01, 4.0]",Lovefield does not support arithmetic operations and nested subqueries. Aggregates and order by clauses were often simplified. Some queries with nesting were dropped.,lovefield_tpch_001_q4,Benchmark `lovefield_tpch_001_q4` failed to run `fn`: a.getTime is not a function,1,1,0.0,0.0,0.0,0.0,0.0,0.0,0.0,0.0
tpch,lovefield,[],1785519906173,"[0.01, 5.0]",Lovefield does not support arithmetic operations and nested subqueries. Aggregates and order by clauses were often simplified. Some queries with nesting were dropped.,lovefield_tpch_001_q5,Benchmark `lovefield_tpch_001_q5` failed to run `fn`: a.getTime is not a function,1,1,0.0,0.0,0.0,0.0,0.0,0.0,0.0,0.0
tpch,lovefield,[],1785519906173,"[0.01, 6.0]",Lovefield does not support arithmetic operations and nested subqueries. Aggregates and order by clauses were often simplified. Some queries with nesting were dropped.,lovefield_tpch_001_q6,,429,5,85.11950969640871,11.748187972024834,11.739248000085354,3.806113372462428,61.40495600015856,9.051589999813586,5039.972639998654,5043.970156998839
tpch,lovefield,[],1785519906173,"[0.01, 7.0]",Lovefield does not support arithmetic operations and nested subqueries. Aggregates and order by clauses were often simplified. Some queries with nesting were dropped.,lovefield_tpch_001_q7,Benchmark `lovefield_tpch_001_q7` failed to run `fn`: a.getTime is not a function,1,1,0.0,0.0,0.0,0.0,0.0,0.0,0.0,0.0
tpch,lovefield,[],1785519906173,"[0.01, 8.0]",Lovefield does not support arithmetic operations and nested subqueries. Aggregates and order by clauses were often simplified. Some queries with nesting were dropped.,lovefield_tpch_001_q8,Benchmark `lovefield_tpch_001_q8` failed to run `fn`: a.getTime is not a function,1,1,0.0,0.0,0.0,0.0,0.0,0.0,0.0,0.0
tpch,lovefield,[],1785519906173,"[0.01, 9.0]",Lovefield does not support arithmetic operations and nested subqueries. Aggregates and order by clauses were often simplified. Some queries with nesting were dropped.,lovefield_tpch_001_q9,,19,5,3.1437815788744663,318.08825610525366,305.7983040001709,35.13120340348111,428.4108520001173,280.0209319998976,6043.67686599982,6043.964067999739
tpch,lovefield,[],1785519906173,"[0.01, 10.0]",Lovefield does not support arithmetic operations and nested subqueries. Aggregates and order by clauses were often simplified. Some queries with nesting were dropped.,lovefield_tpch_001_q10,Benchmark `lovefield_tpch_001_q10` failed to run `fn`: a.getTime is not a function,1,1,0.0,0.0,0.0,0.0,0.0,0.0,0.0,0.0
tpch,lovefield,[],1785519906173,"[0.01, 12.0]",Lovefield does not support arithmetic operations and nested subqueries. Aggregates and order by clauses were often simplified. Some queries with nesting were dropped.,lovefield_tpch_001_q12,Benchmark `lovefield_tpch_001_q12` failed to run `fn`: a.getTime is not a function,1,1,0.0,0.0,0.0,0.0,0.0,0.0,0.0,0.0
tpch,lovefield,[],1785519906173,"[0.01, 13.0]","",lovefield_tpch_001_q13,,81,5,15.787873123172025,63.33975401235583,62.646755000110716,2.8260151502249196,81.34779999987222,60.89203800004907,5130.5200750008225,5131.637518001022
tpch,lovefield,[],1785519906173,"[0.01, 14.0]","",lovefield_tpch_001_q14,Benchmark `lovefield_tpch_001_q14` failed to run `fn`: a.getTime is not a function,1,1,0.0,0.0,0.0,0.0,0.0,0.0,0.0,0.0
tpch,lovefield,[],1785519906173,"[0.01, 16.0]","",lovefield_tpch_001_q16,,580,5,115.40552403398186,8.66509647931189,8.605470000067726,1.0020047372259875,22.94218200002797,7.75923900003545,5025.7559580008965,5029.238654002082
tpch,lovefield,[],1785519906173,"[0.01, 19.0]",Lovefield does not support arithmetic operations and nested subqueries. Aggregates and order by clauses were often simplified. Some queries with nesting were dropped.,lovefield_tpch_001_q19,,66,5,12.959959522888704,77.16073481818295,72.23692899988964,16.451767224660184,140.27842900017276,67.56359499995597,5092.608498000074,5093.387998000253
tpch,arquero,[],1785520934411,"[0.5, 1.0]",Arquero does not implement join reordering and query unnesting. The plans were generated by a relational database and were manually migrated to the Arquero API.,arquero_tpch_05_q1,"Benchmark `arquero_tpch_05_q1` failed to run `before` callback: Unrecognized type: ""undefined""",0,0,0.0,0.0,0.0,0.0,0.0,0.0,0.0,0.0
tpch,arquero,[],1785520934411,"[0.5, 2.0]",Arquero does not implement join reordering and query unnesting. The plans were generated by a relational database and were manually migrated to the Arquero API.,arquero_tpch_05_q2,"Benchmark `arquero_tpch_05_q2` failed to run `before` callback: Unrecognized type: ""undefined""",0,0,0.0,0.0,0.0,0.0,0.0,0.0,0.0,0.0
tpch,arquero,[],1785520934411,"[0.5, 3.0]",Arquero does not implement join reordering and query unnesting. The plans were generated by a relational database and were manually migrated to the Arquero API.,arquero_tpch_05_q3,"Benchmark `arquero_tpch_05_q3` failed to run `before` callback: Unrecognized type: ""undefined""",0,0,0.0,0.0,0.0,0.0,0.0,0.0,0.0,0.0
tpch,arquero,[],1785520934411,"[0.5, 4.0]",Arquero does not implement join reordering and query unnesting. The plans were generated by a relational database and were manually migrated to the Arquero API.,arquero_tpch_05_q4,"Benchmark `arquero_tpch_05_q4` failed to run `before` callback: Unrecognized type: ""undefined""",0,0,0.0,0.0,0.0,0.0,0.0,0.0,0.0,0.0
tpch,arquero,[],1785520934411,"[0.5, 5.0]",Arquero does not implement join reordering and query unnesting. The plans were generated by a relational database and were manually migrated to the Arquero API.,arquero_tpch_05_q5,"Benchmark `arquero_tpch_05_q5` failed to run `before` callback: Unrecognized type: ""undefined""",0,0,0.0,0.0,0.0,0.0,0.0,0.0,0.0,0.0
tpch,arquero,[],1785520934411,"[0.5, 6.0]",Arquero does not implement join reordering and query unnesting. The plans were generated by a relational database and were manually migrated to the Arquero API.,arquero_tpch_05_q6,"Benchmark `arquero_tpch_05_q6` failed to run `before` callback: Unrecognized type: ""undefined""",0,0,0.0,0.0,0.0,0.0,0.0,0.0,0.0,0.0
tpch,arquero,[],1785520934411,"[0.5, 7.0]",Arquero does not implement join reordering and query unnesting. The plans were generated by a relational database and were manually migrated to the Arquero API.,arquero_tpch_05_q7,"Benchmark `arquero_tpch_05_q7` failed to run `before` callback: Unrecognized type: ""undefined""",0,0,0.0,0.0,0.0,0.0,0.0,0.0,0.0,0.0
tpch,arquero,[],1785520934411,"[0.5, 8.0]",Arquero does not implement join reordering and query unnesting. The plans were generated by a relational database and were manually migrated to the Arquero API.,arquero_tpch_05_q8,"Benchmark `arquero_tpch_05_q8` failed to run `before` callback: Unrecognized type: ""undefined""",0,0,0.0,0.0,0.0,0.0,0.0,0.0,0.0,0.0
tpch,arquero,[],1785520934411,"[0.5, 10.0]",Arquero does not implement join reordering and query unnesting. The plans were generated by a relational database and were manually migrated to the Arquero API.,arquero_tpch_05_q10,"Benchmark `arquero_tpch_05_q10` failed to run `before` callback: Unrecognized type: ""undefined""",0,0,0.0,0.0,0.0,0.0,0.0,0.0,0.0,0.0
tpch,arquero,[],1785520934411,"[0.5, 11.0]",Arquero does not implement join reordering and query unnesting. The plans were generated by a relational database and were manually migrated to the Arquero API.,arquero_tpch_05_q11,"Benchmark `arquero_tpch_05_q11` failed to run `before` callback: Unrecognized type: ""undefined""",0,0,0.0,0.0,0.0,0.0,0.0,0.0,0.0,0.0
tpch,arquero,[],1785520934411,"[0.5, 12.0]",Arquero does not implement join reordering and query unnesting. The plans were generated by a relational database and were manually migrated to the Arquero API.,arquero_tpch_05_q12,"Benchmark `arquero_tpch_05_q12` failed to run `before` callback: Unrecognized type: ""undefined""",0,0,0.0,0.0,0.0,0.0,0.0,0.0,0.0,0.0
tpch,arquero,[],1785520934411,"[0.5, 13.0]",Arquero does not implement join reordering and query unnesting. The plans were generated by a relational database and were manually migrated to the Arquero API.,arquero_tpch_05_q13,"Benchmark `arquero_tpch_05_q13` failed to run `before` callback: Unrecognized type: ""undefined""",0,0,0.0,0.0,0.0,0.0,0.0,0.0,0.0,0.0
tpch,arquero,[],1785520934411,"[0.5, 14.0]",Arquero does not implement join reordering and query unnesting. The plans were generated by a relational database and were manually migrated to the Arquero API.,arquero_tpch_05_q14,"Benchmark `arquero_tpch_05_q14` failed to run `before` callback: Unrecognized type: ""undefined""",0,0,0.0,0.0,0.0,0.0,0.0,0.0,0.0,0.0
tpch,arquero,[],1785520934411,"[0.5, 15.0]",Arquero does not implement join reordering and query unnesting. The plans were generated by a relational database and were manually migrated to the Arquero API.,arquero_tpch_05_q15,"Benchmark `arquero_tpch_05_q15` failed to run `before` callback: Unrecognized type: ""undefined""",0,0,0.0,0.0,0.0,0.0,0.0,0.0,0.0,0.0
tpch,arquero,[],1785520934411,"[0.5, 16.0]",Arquero does not implement join reordering and query unnesting. The plans were generated by a relational database and were manually migrated to the Arquero API.,arquero_tpch_05_q16,"Benchmark `arquero_tpch_05_q16` failed to run `before` callback: Unrecognized type: ""undefined""",0,0,0.0,0.0,0.0,0.0,0.0,0.0,0.0,0.0
tpch,arquero,[],1785520934411,"[0.5, 17.0]",Arquero does not implement join reordering and query unnesting. The plans were generated by a relational database and were manually migrated to the Arquero API.,arquero_tpch_05_q17,"Benchmark `arquero_tpch_05_q17` failed to run `before` callback: Unrecognized type: ""undefined""",0,0,0.0,0.0,0.0,0.0,0.0,0.0,0.0,0.0
tpch,arquero,[],1785520934411,"[0.5, 18.0]",Arquero does not implement join reordering and query unnesting. The plans were generated by a relational database and were manually migrated to the Arquero API.,arquero_tpch_05_q18,"Benchmark `arquero_tpch_05_q18` failed to run `before` callback: Unrecognized type: ""undefined""",0,0,0.0,0.0,0.0,0.0,0.0,0.0,0.0,0.0
tpch,arquero,[],1785520934411,"[0.5, 19.0]",Arquero does not implement join reordering and query unnesting. The plans were generated by a relational database and were manually migrated to the Arquero API.,arquero_tpch_05_q19,"Benchmark `arquero_tpch_05_q19` failed to run `before` callback: Unrecognized type: ""undefined""",0,0,0.0,0.0,0.0,0.0,0.0,0.0,0.0,0.0
tpch,arquero,[],1785520934411,"[0.5, 20.0]",Arquero does not implement join reordering and query unnesting. The plans were generated by a relational database and were manually migrated to the Arquero API.,arquero_tpch_05_q20,"Benchmark `arquero_tpch_05_q20` failed to run `before` callback: Unrecognized type: ""undefined""",0,0,0.0,0.0,0.0,0.0,0.0,0.0,0.0,0.0
tpch,arquero,[],1785520934411,"[0.5, 22.0]",Arquero does not implement join reordering and query unnesting. The plans were generated by a relational database and were manually migrated to the Arquero API.,arquero_tpch_05_q22,"Benchmark `arquero_tpch_05_q22` failed to run `before` callback: Unrecognized type: ""undefined""",0,0,0.0,0.0,0.0,0.0,0.0,0.0,0.0,0.0
tpch,sqljs,[],1785520064083,"[0.1, 1.0]",,sqljs_tpch_01_q1,,7,4,1.026945860794641,973.7611671429394,922.9626770000905,123.91658389108895,1277.2050980001222,920.0419670001138,6816.3281700005755,6817.212578999577
tpch,sqljs,[],1785520064083,"[0.1, 2.0]",,sqljs_tpch_01_q2,,179,5,35.09054442584994,28.497705474849685,28.34585199994035,0.4494292714839304,31.34860899997875,28.118919000029564,5101.089279998094,5102.794071999146
tpch,sqljs,[],1785520064083,"[0.1, 3.0]",,sqljs_tpch_01_q3,,25,5,4.6185775719273785,216.516878720019,216.25081999995746,1.0848870878225234,219.33629700005986,215.3776310000103,5412.921968000475,5413.314705999801
tpch,sqljs,[],1785520064083,"[0.1, 4.0]",,sqljs_tpch_01_q4,,107,5,20.983087520860455,47.65742882241921,47.49277099990286,0.49830486687038866,50.15990800014697,47.235190999927,5099.344883998856,5100.460323000327
tpch,sqljs,[],1785520064083,"[0.1, 5.0]",,sqljs_tpch_01_q5,,25,5,4.485636270385268,222.93381355999037,222.5547390000429,1.5280282870306803,228.4866359999869,221.722516000038,5573.345338999759,5573.683864000021
tpch,sqljs,[],1785520064083,"[0.1, 6.0]",,sqljs_tpch_01_q6,,35,5,6.894561179417236,145.04186328571024,144.95618500001729,0.8764589924296838,149.69733000011183,144.25726199988276,5076.465214999858,5076.847232000204
tpch,sqljs,[],1785520064083,"[0.1, 7.0]",,sqljs_tpch_01_q7,,20,5,3.417106134008653,292.64528545002685,292.6142820001114,0.7753338619057938,294.87364799994975,291.75050100008957,5852.905709000537,5853.34802099946
tpch,sqljs,[],1785520064083,"[0.1, 8.0]",,sqljs_tpch_01_q8,,12,4,2.358937430292829,423.9196797499899,424.0367429999169,0.6455617296358558,424.7707330000121,422.81404300010763,5087.036156999879,5087.293273999821
tpch,sqljs,[],1785520064083,"[0.1, 9.0]",,sqljs_tpch_01_q9,,8,4,1.354274730648464,738.4026131250139,739.0783830001019,1.4386165463272853,740.4514840000775,735.9173940001056,5907.220905000111,5907.355578000192
tpch,sqljs,[],1785520064083,"[0.1, 10.0]",,sqljs_tpch_01_q10,,35,5,6.5905071700268945,151.73339080001628,149.95725000021048,3.69799747959975,168.1691020000726,148.75193100003526,5310.668678000569,5311.281016999856
tpch,sqljs,[],1785520064083,"[0.1, 11.0]",,sqljs_tpch_01_q11,,70,5,13.35040859492798,74.90407450000556,74.76206100010313,0.7867066474826153,79.28592599998228,74.30208200006746,5243.285215000389,5243.866208999651
tpch,sqljs,[],1785520064083,"[0.1, 12.0]",,sqljs_tpch_01_q12,,40,5,7.8308478677360265,127.70009287501452,127.65199299994856,0.3846194414824697,128.9697120001074,127.15367300016806,5108.003715000581,5108.395285000559
tpch,sqljs,[],1785520064083,"[0.1, 13.0]",,sqljs_tpch_01_q13,,10,5,1.7224731900971186,580.5605600999901,579.6031400000211,7.715459361796421,601.7260739998892,572.1751379999332,5805.605600999901,5807.759461000096
tpch,sqljs,[],1785520064083,"[0.1, 14.0]",,sqljs_tpch_01_q14,,40,5,7.391533469215455,135.28992382498691,135.23074700008146,0.4535306695759885,136.43296899995767,134.69054899993353,5411.596952999476,5412.028927000472
tpch,sqljs,[],1785520064083,"[0.1, 15.0]",,sqljs_tpch_01_q15,,20,5,3.6974525384671972,270.4564804000314,269.9586539999582,1.5098935020350543,274.8997030002065,269.19990599993616,5409.129608000629,5409.4415670002345
tpch,sqljs,[],1785520064083,"[0.1, 16.0]",,sqljs_tpch_01_q16,,105,5,20.287239618011665,49.292068257140706,49.24921100004576,0.2054536348499114,50.341718999901786,48.992050000000745,5175.667166999774,5176.372583000688
tpch,sqljs,[],1785520064083,"[0.1, 17.0]",,sqljs_tpch_01_q17,,1,1,0.02995756337154902,33380.55193599989,33380.55193599989,0.0,33380.55193599989,33380.55193599989,33380.55193599989,33380.5744380001
tpch,sqljs,[],1785520064083,"[0.1, 18.0]",,sqljs_tpch_01_q18,,35,5,6.131581797636975,163.09005294284518,162.99472500011325,0.6615851860556788,164.36401999997906,162.10806999984197,5708.151852999581,5708.505211999873
tpch,sqljs,[],1785520064083,"[0.1, 19.0]",,sqljs_tpch_01_q19,,35,5,6.443939339103108,155.18457691427986,155.12887900019996,0.5770089286171568,157.61901499982923,154.37604200001806,5431.460191999795,5431.832660999615
tpch,sqljs,[],1785520064083,"[0.1, 20.0]",,sqljs_tpch_01_q20,,1,1,0.024646132037701548,40574.31805000012,40574.31805000012,0.0,40574.31805000012,40574.31805000012,40574.31805000012,40574.33897899999
tpch,sqljs,[],1785520064083,"[0.1, 21.0]",,sqljs_tpch_01_q21,,6,3,1.0792053314062524,926.6077278333638,926.6699610000942,0.6064385472225721,927.8130320000928,925.9831469999626,5559.646367000183,5559.755799999926
tpch,sqljs,[],1785520064083,"[0.1, 22.0]",,sqljs_tpch_01_q22,,1,1,0.10422587921259836,9594.546072000172,9594.546072000172,0.0,9594.546072000172,9594.546072000172,9594.546072000172,9594.587129000109
tpch,lovefield,[],1785521018589,"[0.5, 1.0]",Lovefield does not support arithmetic operations and nested subqueries. Aggregates and order by clauses were often simplified. Some queries with nesting were dropped.,lovefield_tpch_05_q1,Benchmark `lovefield_tpch_05_q1` failed to run `fn`: a.getTime is not a function,1,1,0.0,0.0,0.0,0.0,0.0,0.0,0.0,0.0
tpch,lovefield,[],1785521018589,"[0.5, 3.0]",Lovefield does not support arithmetic operations and nested subqueries. Aggregates and order by clauses were often simplified. Some queries with nesting were dropped.,lovefield_tpch_05_q3,Benchmark `lovefield_tpch_05_q3` failed to run `fn`: a.getTime is not a function,1,1,0.0,0.0,0.0,0.0,0.0,0.0,0.0,0.0
tpch,lovefield,[],1785521018589,"[0.5, 4.0]",Lovefield does not support arithmetic operations and nested subqueries. Aggregates and order by clauses were often simplified. Some queries with nesting were dropped.,lovefield_tpch_05_q4,Benchmark `lovefield_tpch_05_q4` failed to run `fn`: a.getTime is not a function,1,1,0.0,0.0,0.0,0.0,0.0,0.0,0.0,0.0
tpch,lovefield,[],1785521018589,"[0.5, 5.0]",Lovefield does not support arithmetic operations and nested subqueries. Aggregates and order by clauses were often simplified. Some queries with nesting were dropped.,lovefield_tpch_05_q5,Benchmark `lovefield_tpch_05_q5` failed to run `fn`: a.getTime is not a function,1,1,0.0,0.0,0.0,0.0,0.0,0.0,0.0,0.0
tpch,lovefield,[],1785521018589,"[0.5, 6.0]",Lovefield does not support arithmetic operations and nested subqueries. Aggregates and order by clauses were often simplified. Some queries with nesting were dropped.,lovefield_tpch_05_q6,,4,4,0.7083807979311646,1411.670111500076,1024.4486390003003,679.3797459767562,2588.351803000085,1010.4837489998899,5646.680446000304,5646.814718000125
tpch,lovefield,[],1785521018589,"[0.5, 7.0]",Lovefield does not support arithmetic operations and nested subqueries. Aggregates and order by clauses were often simplified. Some queries with nesting were dropped.,lovefield_tpch_05_q7,Benchmark `lovefield_tpch_05_q7` failed to run `fn`: a.getTime is not a function,1,1,0.0,0.0,0.0,0.0,0.0,0.0,0.0,0.0
tpch,lovefield,[],1785521018589,"[0.5, 8.0]",Lovefield does not support arithmetic operations and nested subqueries. Aggregates and order by clauses were often simplified. Some queries with nesting were dropped.,lovefield_tpch_05_q8,Benchmark `lovefield_tpch_05_q8` failed to run `fn`: a.getTime is not a function,1,1,0.0,0.0,0.0,0.0,0.0,0.0,0.0,0.0
tpch,lovefield,[],1785521018589,"[0.5, 10.0]",Lovefield does not support arithmetic operations and nested subqueries. Aggregates and order by clauses were often simplified. Some queries with nesting were dropped.,lovefield_tpch_05_q10,Benchmark `lovefield_tpch_05_q10` failed to run `fn`: a.getTime is not a function,1,1,0.0,0.0,0.0,0.0,0.0,0.0,0.0,0.0
tpch,lovefield,[],1785521018589,"[0.5, 12.0]",Lovefield does not support arithmetic operations and nested subqueries. Aggregates and order by clauses were often simplified. Some queries with nesting were dropped.,lovefield_tpch_05_q12,Benchmark `lovefield_tpch_05_q12` failed to run `fn`: a.getTime is not a function,1,1,0.0,0.0,0.0,0.0,0.0,0.0,0.0,0.0
tpch,lovefield,[],1785521018589,"[0.5, 13.0]","",lovefield_tpch_05_q13,,2,2,0.18614266536192015,5372.223493499914,5953.4186209999025,581.1951274999883,5953.4186209999025,4791.028365999926,10744.446986999828,10744.513682000339
tpch,lovefield,[],1785521018589,"[0.5, 14.0]","",lovefield_tpch_05_q14,Benchmark `lovefield_tpch_05_q14` failed to run `fn`: a.getTime is not a function,1,1,0.0,0.0,0.0,0.0,0.0,0.0,0.0,0.0
tpch,lovefield,[],1785521018589,"[0.5, 16.0]","",lovefield_tpch_05_q16,,5,4,0.9536707151846704,1048.579959599953,1058.5855840002187,44.286912577269746,1113.0617930004373,996.6717319996096,5242.899797999766,5243.024893000256
tpch,lovefield,[],1785521018589,"[0.5, 19.0]",Lovefield does not support arithmetic operations and nested subqueries. Aggregates and order by clauses were often simplified. Some queries with nesting were dropped.,lovefield_tpch_05_q19,,1,1,0.16063614710607804,6225.248912000097,6225.248912000097,0.0,6225.248912000097,6225.248912000097,6225.248912000097,6225.268399000168
integer_sort,lovefield,[],1785519113591,"[1000.0, 1.0, 1.0]",,lovefield_integer_sort_1000_1_1,,14592,6,2448.9027229119815,0.4083461505612209,0.36399899993557483,0.13022129767340068,7.189650999964215,0.3249960000393912,5958.5870289893355,5996.408647003351
integer_sort,lovefield,[],1785519113591,"[10000.0, 1.0, 1.0]",,lovefield_integer_sort_10000_1_1,,764,5,152.37376462441628,6.562809565445105,6.385609999997541,0.6838176705264567,15.012876999913715,5.930691999965347,5013.98650800006,5018.683655998553
integer_sort,lovefield,[],1785519113591,"[100000.0, 1.0, 1.0]",,lovefield_integer_sort_100000_1_1,,40,5,7.746279112930121,129.09423807499988,127.95463199994992,6.354640413864399,150.1917840000242,119.9518430000171,5163.769522999995,5164.505003999802
integer_sort,lovefield,[],1785519113591,"[1000.0, 2.0, 2.0]",,lovefield_integer_sort_1000_2_2,,14996,6,2515.7350394173513,0.3974981404367615,0.35667600005399436,0.11241050095902291,3.737377000041306,0.3233829999808222,5960.882113989675,5997.728785004467
integer_sort,lovefield,[],1785519113591,"[10000.0, 2.0, 2.0]",,lovefield_integer_sort_10000_2_2,,757,5,150.98254651517112,6.623282114926559,6.439663000055589,1.0328250763838915,29.376585999969393,5.944296999950893,5013.824560999405,5017.889225000632
integer_sort,lovefield,[],1785519113591,"[100000.0, 2.0, 2.0]",,lovefield_integer_sort_100000_2_2,,40,5,7.814914042210761,127.96046055000625,125.8982360000955,7.026648265762782,156.33783099998254,122.53824699996039,5118.41842200025,5118.967642000411
integer_topk,lovefield,[],1785519113591,"[1000.0, 1.0, 1.0, 100.0]",,lovefield_integer_sort_1000_1_1,,14782,6,2481.2496856770485,0.4030227210798151,0.36254599993117154,0.1108927979204769,1.816601000027731,0.3321810000343248,5957.481863001827,5997.504903993569
integer_topk,lovefield,[],1785519113591,"[10000.0, 1.0, 1.0, 100.0]",,lovefield_integer_sort_10000_1_1,,749,5,149.28404204562358,6.698639628838453,6.501235999981873,0.9188012027833302,28.178389999899082,6.230470999958925,5017.281082000001,5021.472355001373
integer_topk,lovefield,[],1785519113591,"[100000.0, 1.0, 1.0, 100.0]",,lovefield_integer_sort_100000_1_1,,44,5,8.01475664169256,124.76985200000027,124.33116299996618,6.1043900193833665,157.93576699995901,115.8665579999797,5489.873488000012,5490.51248000015
integer_sort,sqljs,[],1785519113591,"[1000.0, 1.0, 1.0]",,sqljs_integer_sort_1000_1_1,,15624,6,2623.7990842491254,0.38112674327965107,0.3608130000066012,0.1345700072483546,7.562598000047728,0.3322100000223145,5954.724237001268,5997.871707998216
integer_sort,sqljs,[],1785519113591,"[10000.0, 1.0, 1.0]",,sqljs_integer_sort_10000_1_1,,1153,5,230.5390312788959,4.337660284475839,4.2253079999936745,0.2776469136531325,6.845549000077881,4.179100999957882,5001.322308000643,5005.805119002471
integer_sort,sqljs,[],1785519113591,"[100000.0, 1.0, 1.0]",,sqljs_integer_sort_100000_1_1,,76,5,14.84952480327625,67.34222227632294,63.11027299996931,9.070692093267173,95.61032500001602,60.76362300000619,5118.008893000544,5119.312875999953
integer_sort,sqljs,[],1785519113591,"[1000.0, 2.0, 2.0]",,sqljs_integer_sort_1000_2_2,,13245,6,2220.4670687813305,0.45035569951002913,0.4407620000420138,0.057246133248951926,3.085315000033006,0.4039340000599623,5964.961240010336,5999.051578989951
integer_sort,sqljs,[],1785519113591,"[10000.0, 2.0, 2.0]",,sqljs_integer_sort_10000_2_2,,996,5,198.7322344800148,5.031896323294062,4.911519999965094,0.3512292256596612,10.455862000002526,4.851579000009224,5011.7687380008865,5015.45027100062
integer_sort,sqljs,[],1785519113591,"[100000.0, 2.0, 2.0]",,sqljs_integer_sort_100000_2_2,,67,5,12.974083049545692,77.07673799999426,72.92440699995495,9.148745576969494,101.16671099991072,69.14523999998346,5164.141445999616,5165.209135999088
integer_topk,sqljs,[],1785519113591,"[1000.0, 1.0, 1.0, 100.0]",,sqljs_integer_topk_1000_1_1_100,,23268,6,3921.134671344605,0.2550282211187324,0.24970599997323006,0.028131055643646184,1.2297359999502078,0.2210230000782758,5933.996648990666,5995.674651993322
integer_topk,sqljs,[],1785519113591,"[10000.0, 1.0, 1.0, 100.0]",,sqljs_integer_topk_10000_1_1_100,,4004,5,802.113233903958,1.2467067712284328,1.24258999992162,0.03631395945983821,2.5871410000836477,1.2093279999680817,4991.8139119986445,5002.609357002191
integer_topk,sqljs,[],1785519113591,"[100000.0, 1.0, 1.0, 100.0]",,sqljs_integer_topk_100000_1_1_100,,480,5,95.50870442781822,10.47024986875161,10.44940000004135,0.14334047815106268,12.754321999964304,10.324833000078797,5025.719937000773,5027.474173999624
integer_sort,arquero,[],1785519113591,"[1000.0, 1.0, 1.0]",,arquero_integer_sort_1000_1_1,,9514,6,1592.930442760264,0.6277738017657435,0.6167109999805689,0.12039718132656145,10.026957000023685,0.5974350000033155,5972.639949999284,5999.102125998004
integer_sort,arquero,[],1785519113591,"[10000.0, 1.0, 1.0]",,arquero_integer_sort_10000_1_1,,277,5,54.90013845569652,18.214890310467666,18.134517000056803,0.6306773020797192,26.173272000043653,18.034891000017524,5045.524615999544,5046.647004001075
integer_sort,arquero,[],1785519113591,"[100000.0, 1.0, 1.0]",,arquero_integer_sort_100000_1_1,,16,4,3.1349316164336645,318.9862243750031,317.9514889999991,2.891851282599937,326.8329299999168,316.7694340000162,5103.779590000049,5103.946662000031
integer_sort,arquero,[],1785519113591,"[1000.0, 2.0, 2.0]",,arquero_integer_sort_1000_2_2,,7508,5,1507.298857924437,0.663438438065964,0.6578750000335276,0.12394273694570158,10.54580600000918,0.6419780000578612,4981.095792999258,5000.304872005596
integer_sort,arquero,[],1785519113591,"[10000.0, 2.0, 2.0]",,arquero_integer_sort_10000_2_2,,275,5,54.258075927051365,18.43043607636355,18.403787999995984,0.14269007432802416,19.726106000016443,18.317957999999635,5068.369920999976,5069.414000000339
integer_sort,arquero,[],1785519113591,"[100000.0, 2.0, 2.0]",,arquero_integer_sort_100000_2_2,,16,4,3.1289876539795625,319.59218462500576,319.6370309999911,0.9649182784481398,321.46916700003203,318.02006799995434,5113.474954000092,5113.596590999863
integer_topk,arquero,[],1785519113592,"[1000.0, 1.0, 1.0, 100.0]",,arquero_integer_topk_1000_1_1_100,,8196,6,1371.2890550274647,0.7292408528557618,0.7247729999944568,0.059162988287221434,3.8245359999127686,0.703152000089176,5976.858030005824,5999.844095000182
integer_topk,arquero,[],1785519113592,"[10000.0, 1.0, 1.0, 100.0]",,arquero_integer_topk_10000_1_1_100,,290,5,57.74671927432636,17.3170010793079,17.275283999973908,0.2916497487944894,21.142700999975204,17.139191000023857,5021.930312999291,5023.034310999559
integer_topk,arquero,[],1785519113592,"[100000.0, 1.0, 1.0, 100.0]",,arquero_integer_topk_100000_1_1_100,,20,5,3.275521662720409,305.2948821500002,305.05787200003397,1.2578968152220187,307.9991760000121,303.75325800001156,6105.897643000004,6106.032545000082
integer_sort,duckdb,[sync],1785519113592,"[1000.0, 1.0, 1.0]",,duckdb_sync_integer_sort_1000_1_1,,9555,6,1605.7310358639472,0.6227693042390254,0.5425820000236854,0.3384866322133767,10.025056999991648,0.4983599999686703,5950.560702003888,5999.106024997891
integer_sort,duckdb,[sync],1785519113592,"[10000.0, 1.0, 1.0]",,duckdb_sync_integer_sort_10000_1_1,,349,5,69.42316692618925,14.40441345845257,14.71633299998939,2.2966839927699922,19.26710599998478,1.477517000050284,5027.140296999947,5029.919854000676
integer_sort,duckdb,[sync],1785519113592,"[100000.0, 1.0, 1.0]",,duckdb_sync_integer_sort_100000_1_1,,214,5,42.621637330119455,23.462261485983074,23.26032099989243,1.0214070483086355,36.676775999949314,23.065325999981724,5020.923958000378,5022.289358000504
integer_sort,duckdb,[sync],1785519113592,"[1000.0, 2.0, 2.0]",,duckdb_sync_integer_sort_1000_2_2,,6692,5,1347.0957973060808,0.7423377030793191,0.7254749999847263,0.19430250017106943,14.210603000014089,0.6870719998842105,4967.723909006803,5000.033050004044
integer_sort,duckdb,[sync],1785519113592,"[10000.0, 2.0, 2.0]",,duckdb_sync_integer_sort_10000_2_2,,320,5,63.85605008533156,15.660223246876194,15.594438000000082,1.0324900946477598,28.040019000065513,3.32449600007385,5011.271439000382,5013.091645001434
integer_sort,duckdb,[sync],1785519113592,"[100000.0, 2.0, 2.0]",,duckdb_sync_integer_sort_100000_2_2,,164,5,32.38370740888002,30.879725640239307,30.449947000015527,2.691708143075115,64.41392399999313,30.162740999949165,5064.275004999246,5065.909351999871
integer_topk,duckdb,[sync],1785519113592,"[1000.0, 1.0, 1.0, 100.0]",,duckdb_sync_integer_topk_1000_1_1_100,,12854,6,2167.885772607957,0.46127891636882895,0.4551590000046417,0.11731653465317204,3.5189290000125766,0.3973920000717044,5929.279191004927,5997.041349997744
integer_topk,duckdb,[sync],1785519113592,"[10000.0, 1.0, 1.0, 100.0]",,duckdb_sync_integer_topk_10000_1_1_100,,10826,6,1820.0669968278717,0.5494303241270038,0.5478319999529049,0.13036091854657386,6.627953000017442,0.486979000037536,5948.132688998943,5997.597199994605
integer_topk,duckdb,[sync],1785519113592,"[100000.0, 1.0, 1.0, 100.0]",,duckdb_sync_integer_topk_100000_1_1_100,,4699,5,943.538556402767,1.0598401021496058,1.0496390000917017,0.1253082735689655,4.052515000104904,0.9569559999508783,4980.188640000997,5001.531968996627
csv_sum,arquero,[],1785519631536,"[1000.0, 10.0]",,arquero_csv_sum_1000,,18617,6,3137.3280010953245,0.3187425731867607,0.29529099981300533,0.1246940845229724,11.468857999891043,0.2599450000561774,5934.030485017924,5995.012058003806
csv_sum,arquero,[],1785519631536,"[10000.0, 100.0]",,arquero_csv_sum_10000,,1931,5,387.1868505389961,2.582732338683293,2.47593199997209,0.7131196142833854,24.94358399999328,2.3740319998469204,4987.256145997439,5004.988665004261
csv_sum,arquero,[],1785519631536,"[100000.0, 1000.0]",,arquero_csv_sum_100000,,183,5,36.033377708332516,27.75204722949843,27.383427999913692,2.1225529969810126,49.86859400011599,26.78219599998556,5078.624642998213,5079.947676002048
csv_sum,arquero,[],1785519631536,"[1000000.0, 10000.0]",,arquero_csv_sum_1000000,,20,5,3.3391506240196427,299.47735594994157,295.2846089999657,15.199354842447397,353.5171299998183,285.7640599999577,5989.547118998831,5989.834602999268
csv_sum,duckdb,[sync],1785519631536,"[1000.0, 10.0]",,duckdb_sync_csv_sum_1000,,1029,5,205.5493048736202,4.865012803691258,4.443071999819949,1.968677932085529,51.80741100013256,3.8862470001913607,5006.098174998304,5013.502601998858
csv_sum,duckdb,[sync],1785519631536,"[10000.0, 100.0]",,duckdb_sync_csv_sum_10000,,636,5,126.67101984516444,7.894465531439978,7.814724999945611,0.5649064910306167,16.705608000047505,7.102405000012368,5020.880077995826,5024.708283998072
csv_sum,duckdb,[sync],1785519631536,"[100000.0, 1000.0]",,duckdb_sync_csv_sum_100000,,199,5,39.20137451665232,25.50930961809032,25.49932000017725,0.6424576543708206,30.322632000083104,23.8420150000602,5076.352613999974,5077.514851999935
csv_sum,duckdb,[sync],1785519631536,"[1000000.0, 10000.0]",,duckdb_sync_csv_sum_1000000,,35,5,6.1932032642299175,161.4673307714119,160.8053109999746,2.9817850202131537,177.4547789997887,159.23841200000606,5651.356576999417,5651.596727000317
tpch,lovefield,[],1785520601328,"[0.25, 1.0]",Lovefield does not support arithmetic operations and nested subqueries. Aggregates and order by clauses were often simplified. Some queries with nesting were dropped.,lovefield_tpch_025_q1,Benchmark `lovefield_tpch_025_q1` failed to run `fn`: a.getTime is not a function,1,1,0.0,0.0,0.0,0.0,0.0,0.0,0.0,0.0
tpch,lovefield,[],1785520601328,"[0.25, 3.0]",Lovefield does not support arithmetic operations and nested subqueries. Aggregates and order by clauses were often simplified. Some queries with nesting were dropped.,lovefield_tpch_025_q3,Benchmark `lovefield_tpch_025_q3` failed to run `fn`: a.getTime is not a function,1,1,0.0,0.0,0.0,0.0,0.0,0.0,0.0,0.0
tpch,lovefield,[],1785520601328,"[0.25, 4.0]",Lovefield does not support arithmetic operations and nested subqueries. Aggregates and order by clauses were often simplified. Some queries with nesting were dropped.,lovefield_tpch_025_q4,Benchmark `lovefield_tpch_025_q4` failed to run `fn`: a.getTime is not a function,1,1,0.0,0.0,0.0,0.0,0.0,0.0,0.0,0.0
tpch,lovefield,[],1785520601328,"[0.25, 5.0]",Lovefield does not support arithmetic operations and nested subqueries. Aggregates and order by clauses were often simplified. Some queries with nesting were dropped.,lovefield_tpch_025_q5,Benchmark `lovefield_tpch_025_q5` failed to run `fn`: a.getTime is not a function,1,1,0.0,0.0,0.0,0.0,0.0,0.0,0.0,0.0
tpch,lovefield,[],1785520601328,"[0.25, 6.0]",Lovefield does not support arithmetic operations and nested subqueries. Aggregates and order by clauses were often simplified. Some queries with nesting were dropped.,lovefield_tpch_025_q6,,12,4,2.2820051315252994,438.2111092500466,439.83174599986523,9.071972545957436,450.9534200001508,424.1665900000371,5258.5333110005595,5259.0338229998015
tpch,lovefield,[],1785520601328,"[0.25, 7.0]",Lovefield does not support arithmetic operations and nested subqueries. Aggregates and order by clauses were often simplified. Some queries with nesting were dropped.,lovefield_tpch_025_q7,Benchmark `lovefield_tpch_025_q7` failed to run `fn`: a.getTime is not a function,1,1,0.0,0.0,0.0,0.0,0.0,0.0,0.0,0.0
tpch,lovefield,[],1785520601328,"[0.25, 8.0]",Lovefield does not support arithmetic operations and nested subqueries. Aggregates and order by clauses were often simplified. Some queries with nesting were dropped.,lovefield_tpch_025_q8,Benchmark `lovefield_tpch_025_q8` failed to run `fn`: a.getTime is not a function,1,1,0.0,0.0,0.0,0.0,0.0,0.0,0.0,0.0
tpch,lovefield,[],1785520601328,"[0.25, 10.0]",Lovefield does not support arithmetic operations and nested subqueries. Aggregates and order by clauses were often simplified. Some queries with nesting were dropped.,lovefield_tpch_025_q10,Benchmark `lovefield_tpch_025_q10` failed to run `fn`: a.getTime is not a function,1,1,0.0,0.0,0.0,0.0,0.0,0.0,0.0,0.0
tpch,lovefield,[],1785520601329,"[0.25, 12.0]",Lovefield does not support arithmetic operations and nested subqueries. Aggregates and order by clauses were often simplified. Some queries with nesting were dropped.,lovefield_tpch_025_q12,Benchmark `lovefield_tpch_025_q12` failed to run `fn`: a.getTime is not a function,1,1,0.0,0.0,0.0,0.0,0.0,0.0,0.0,0.0
tpch,lovefield,[],1785520601329,"[0.25, 13.0]","",lovefield_tpch_025_q13,,3,3,0.4821254828212925,2074.1488173332377,2069.2305789999664,16.592901681713638,2096.478637999855,2056.7372349998914,6222.446451999713,6222.502345000394
tpch,lovefield,[],1785520601329,"[0.25, 14.0]","",lovefield_tpch_025_q14,Benchmark `lovefield_tpch_025_q14` failed to run `fn`: a.getTime is not a function,1,1,0.0,0.0,0.0,0.0,0.0,0.0,0.0,0.0
tpch,lovefield,[],1785520601329,"[0.25, 16.0]","",lovefield_tpch_025_q16,,12,4,2.185663950131055,457.52687641667825,452.3719540000893,21.8862275399002,527.2547029997222,439.8964949999936,5490.322517000139,5490.563728998881
tpch,lovefield,[],1785520601329,"[0.25, 19.0]",Lovefield does not support arithmetic operations and nested subqueries. Aggregates and order by clauses were often simplified. Some queries with nesting were dropped.,lovefield_tpch_025_q19,,2,2,0.32895509432099485,3039.928602,3447.7768350001425,407.8482330001425,3447.7768350001425,2632.0803689998575,6079.857204,6079.888110999949
tpch,duckdb,[sync],1785520702911,"[0.5, 1.0]",,duckdb_sync_tpch_05_q1,,25,5,4.892485739335364,204.3950771200098,203.28928099991754,5.083168853669828,224.29162500007078,199.63697900017723,5109.876928000245,5110.625422001351
tpch,duckdb,[sync],1785520702911,"[0.5, 2.0]",,duckdb_sync_tpch_05_q2,,340,5,67.54746951068067,14.804403588233296,14.108366999775171,2.2878187321539123,30.510935000143945,12.765412000007927,5033.497219999321,5037.332966005895
tpch,duckdb,[sync],1785520702911,"[0.5, 3.0]",,duckdb_sync_tpch_05_q3,,115,5,22.62792776189237,44.1931762608902,43.69869400002062,2.76829511358717,63.18570900009945,41.49879499990493,5082.215270002373,5083.5255550039
tpch,duckdb,[sync],1785520702911,"[0.5, 4.0]",,duckdb_sync_tpch_05_q4,,95,5,18.66078632734848,53.588309863150904,52.968249999918044,2.3201539569570473,64.51459799986333,51.56603300012648,5090.889436999336,5092.052275996655
tpch,duckdb,[sync],1785520702911,"[0.5, 5.0]",,duckdb_sync_tpch_05_q5,,109,5,21.191490759170204,47.18875190822852,47.03805600013584,0.9243906365725392,52.309905000030994,45.97617499995977,5143.573957996909,5144.829026997555
tpch,duckdb,[sync],1785520702911,"[0.5, 6.0]",,duckdb_sync_tpch_05_q6,,211,5,41.86823343865164,23.88445649289866,23.637920000124723,0.8488980379948162,29.515627999790013,23.002785000018775,5039.620320001617,5041.716837999411
tpch,duckdb,[sync],1785520702911,"[0.5, 7.0]",,duckdb_sync_tpch_05_q7,,103,5,20.025338749375155,49.93673328153825,49.67773299990222,0.929520132531593,54.03177700005472,48.90877699991688,5143.48352799844,5144.603542994708
tpch,duckdb,[sync],1785520702911,"[0.5, 8.0]",,duckdb_sync_tpch_05_q8,,68,5,13.243549628657183,75.50845717647633,76.83361699990928,4.2672791333150455,82.12503100000322,66.23037099977955,5134.575088000391,5135.456569996197
tpch,duckdb,[sync],1785520702911,"[0.5, 9.0]",,duckdb_sync_tpch_05_q9,,35,5,6.222798926888629,160.69939134285917,160.65561500005424,2.655820744855369,168.06958999997005,153.2661159997806,5624.478697000071,5624.937022999395
tpch,duckdb,[sync],1785520702911,"[0.5, 10.0]",,duckdb_sync_tpch_05_q10,,43,5,7.9828627600347675,125.26834420934536,124.48513900022954,1.7408863236602787,129.66957300016657,123.24098699958995,5386.5388010018505,5387.104265997652
tpch,duckdb,[sync],1785520702911,"[0.5, 11.0]",,duckdb_sync_tpch_05_q11,,656,5,130.67211268096878,7.652742268286913,7.510875999927521,0.6726095103626254,17.056499000173062,7.061787999700755,5020.1989279962145,5028.262147003319
tpch,duckdb,[sync],1785520702911,"[0.5, 12.0]",,duckdb_sync_tpch_05_q12,,54,5,10.027992682885722,99.72085457408146,99.4157870002091,1.00082715646048,103.68212800007313,98.66614899970591,5384.9261470003985,5385.673415002413
tpch,duckdb,[sync],1785520702911,"[0.5, 13.0]",,duckdb_sync_tpch_05_q13,,33,5,6.04516212244456,165.4215353939287,166.03665699996054,11.059323763418135,194.7769889999181,140.27728200005367,5458.910667999648,5459.346279998776
tpch,duckdb,[sync],1785520702911,"[0.5, 14.0]",,duckdb_sync_tpch_05_q14,,155,5,30.55064371230746,32.732534522575236,32.567194000352174,0.6571019084667005,36.178497000131756,31.535148000344634,5073.542850999162,5075.537749999203
tpch,duckdb,[sync],1785520702911,"[0.5, 15.0]",,duckdb_sync_tpch_05_q15,,199,5,39.32207151324912,25.431010155786467,24.85982499970123,1.3071635560278794,30.23128500021994,24.00069099990651,5060.771021001507,5063.096218001563
tpch,duckdb,[sync],1785520702911,"[0.5, 16.0]",,duckdb_sync_tpch_05_q16,,161,5,31.790333435826682,31.456102906836207,30.97159200021997,1.4931564253349836,40.580825000070035,30.06610199995339,5064.4325680006295,5066.010694001801
tpch,duckdb,[sync],1785520702911,"[0.5, 17.0]",,duckdb_sync_tpch_05_q17,,181,5,35.768247896476,27.95775747512987,27.923384999856353,0.447464219456086,31.406262000091374,27.256421000231057,5060.354102998506,5061.842266998719
tpch,duckdb,[sync],1785520702911,"[0.5, 18.0]",,duckdb_sync_tpch_05_q18,,41,5,7.903103171614818,126.53257565859069,127.72634299984202,3.0857389624712646,131.56572900013998,121.05455200001597,5187.835602002218,5188.300401999615
tpch,duckdb,[sync],1785520702911,"[0.5, 19.0]",,duckdb_sync_tpch_05_q19,,35,5,6.438128504751568,155.32464119999537,154.97659899992868,1.2805471773562096,161.01821400038898,154.08362199971452,5436.362441999838,5436.709423999768
tpch,duckdb,[sync],1785520702911,"[0.5, 20.0]",,duckdb_sync_tpch_05_q20,,130,5,25.537153902174868,39.15863153077662,39.06147399963811,0.5861125995242875,42.680707999970764,38.51833299966529,5090.622099000961,5091.632440999616
tpch,duckdb,[sync],1785520702911,"[0.5, 21.0]",,duckdb_sync_tpch_05_q21,,35,5,6.601026089635629,151.49159939999558,151.33967099990696,1.2730282945960278,156.84761899989098,149.70718399994075,5302.205978999846,5302.606883000117
tpch,duckdb,[sync],1785520702911,"[0.5, 22.0]",,duckdb_sync_tpch_05_q22,,266,5,52.665897240227515,18.987619169168454,18.869229999836534,0.6465434542487191,27.45880899997428,18.629182000178844,5050.706698998809,5057.86210999405
integer_join3,lovefield,[],1785519402385,"[10.0, 100.0, 1000.0, 10.0, 10.0, 10.0]",,lovefield_integer_join3_10_100_1000_10_10_10,,12668,6,2127.200149737629,0.47010150884172364,0.4190219999291003,0.18246907791938818,8.152134999982081,0.3804600000148639,5955.245914006955,5996.801775997505
integer_join3,lovefield,[],1785519402385,"[100.0, 1000.0, 10000.0, 10.0, 10.0, 100.0]",,lovefield_integer_join3_100_1000_10000_100_10_10,,1073,5,214.25348569511,4.667368639327689,4.462616999982856,0.6029121935628072,9.08515699999407,3.945293999975547,5008.08654999861,5013.359593999106
integer_join3,lovefield,[],1785519402385,"[1000.0, 10000.0, 100000.0, 10.0, 10.0, 100.0]",,lovefield_integer_join3_1000_10000_100000_100_10_10,,132,5,25.73227188224117,38.86170659848104,37.48162099998444,7.840920329088041,78.6397949999664,31.579747000010684,5129.745270999498,5131.47532300069
integer_join3,lovefield,[],1785519402385,"[10000.0, 100000.0, 1000000.0, 10.0, 10.0, 100.0]",,lovefield_integer_join3_10000_100000_1000000_100_10_10,,15,5,2.6802845051313717,373.09472113333953,362.3597599999048,38.64511456245184,510.94138899992686,349.5059370000381,5596.420817000093,5596.645086999866
integer_join3,sqljs,[],1785519402385,"[10.0, 100.0, 1000.0, 10.0, 10.0, 10.0]",,sqljs_integer_join3_10_100_1000_10_10_10,,3753,5,753.1313732053651,1.3277895936587392,1.2333420000504702,0.4055438713703328,8.81899900001008,1.2001300000119954,4983.194345001248,5001.351947996183
integer_join3,sqljs,[],1785519402385,"[100.0, 1000.0, 10000.0, 10.0, 10.0, 100.0]",,sqljs_integer_join3_100_1000_10000_100_10_10,,342,5,67.97178158246183,14.711987485377627,14.576415000017732,0.3095729101223031,16.29756700003054,14.483410999993794,5031.4997199991485,5033.036725000362
integer_join3,sqljs,[],1785519402385,"[1000.0, 10000.0, 100000.0, 10.0, 10.0, 100.0]",,sqljs_integer_join3_1000_10000_100000_100_10_10,,40,5,7.36974491559637,135.6899066999904,135.48608200007584,0.986542794057027,138.742201999994,133.30150499998126,5427.5962679996155,5427.802540999837
integer_join3,sqljs,[],1785519402385,"[10000.0, 100000.0, 1000000.0, 10.0, 10.0, 100.0]",,sqljs_integer_join3_10000_100000_1000000_100_10_10,,3,3,0.4157987067323097,2405.0098853332843,2407.2033489999594,11.855639734043702,2418.308493999997,2389.5178129998967,7215.029655999853,7215.093614999903
integer_join3,arquero,[],1785519402385,"[10.0, 100.0, 1000.0, 10.0, 10.0, 10.0]",,arquero_integer_join3_10_100_1000_10_10_10,,12324,6,2071.528447877949,0.48273534501753473,0.45975799998268485,0.16444890064965131,13.206739999935962,0.39419600006658584,5949.230391996098,5997.821966002462
integer_join3,arquero,[],1785519402385,"[100.0, 1000.0, 10000.0, 10.0, 10.0, 100.0]",,arquero_integer_join3_100_1000_10000_100_10_10,,1189,5,237.71850263286683,4.206656145501652,4.11594199994579,0.3386519349362321,9.225598999997601,3.8915130000095814,5001.714157001465,5006.983365001273
integer_join3,arquero,[],1785519402385,"[1000.0, 10000.0, 100000.0, 10.0, 10.0, 100.0]",,arquero_integer_join3_1000_10000_100000_100_10_10,,304,5,60.083890321456344,16.643396335521462,16.496787999989465,0.603871604715217,22.340608999948017,16.30628500005696,5059.592485998524,5061.202006001724
integer_join3,arquero,[],1785519402385,"[10000.0, 100000.0, 1000000.0, 10.0, 10.0, 100.0]",,arquero_integer_join3_10000_100000_1000000_100_10_10,,35,5,6.5079389008805135,153.65848008571524,153.67653299996164,2.4702211997052217,159.76656799996272,146.68647600000259,5378.046803000034,5378.310638999683
integer_join3,duckdb,[sync],1785519402385,"[10.0, 100.0, 1000.0, 10.0, 10.0, 10.0]",,duckdb_sync_integer_join3_10_100_1000_10_10_10,,3726,5,748.4222549313417,1.3361441264086105,1.1457780000055209,0.7014118754073363,9.559512999956496,0.9897679999703541,4978.4730149984825,5000.648122993531
integer_join3,duckdb,[sync],1785519402385,"[100.0, 1000.0, 10000.0, 10.0, 10.0, 100.0]",,duckdb_sync_integer_join3_100_1000_10000_100_10_10,,316,5,62.62938282877474,15.966946420882744,16.17228400008753,1.896424498413191,18.919562000082806,2.7598909999942407,5045.555068998947,5047.100013999385
integer_join3,duckdb,[sync],1785519402385,"[1000.0, 10000.0, 100000.0, 10.0, 10.0, 100.0]",,duckdb_sync_integer_join3_1000_10000_100000_100_10_10,,277,5,54.56444279246935,18.326953393502148,18.076408000080846,1.0736929027204263,29.808074999949895,17.098463999922387,5076.566090000095,5078.014747999492
integer_join3,duckdb,[sync],1785519402385,"[10000.0, 100000.0, 1000000.0, 10.0, 10.0, 100.0]",,duckdb_sync_integer_join3_10000_100000_1000000_100_10_10,,879,5,175.31712348584034,5.703949392489126,5.619788000010885,0.7828929021104214,25.861166000016965,5.153096999973059,5013.771515997942,5018.072521999711
tpch,sqljs,[],1785520818095,"[0.5, 1.0]",,sqljs_tpch_05_q1,,1,1,0.1493864477127056,6694.047654999886,6694.047654999886,0.0,6694.047654999886,6694.047654999886,6694.047654999886,6694.174132000189
tpch,sqljs,[],1785520818095,"[0.5, 2.0]",,sqljs_tpch_05_q2,,35,5,6.64561057235464,150.47526320003504,149.51466900017112,2.7815305783196043,160.5807119999081,148.23602299997583,5266.634212001227,5267.950637999922
tpch,sqljs,[],1785520818095,"[0.5, 3.0]",,sqljs_tpch_05_q3,,5,5,0.921806419129249,1084.8264659998938,1083.4326579999179,3.722859783813354,1092.1440739999525,1081.78747199988,5424.132329999469,5424.277392000426
tpch,sqljs,[],1785520818095,"[0.5, 4.0]",,sqljs_tpch_05_q4,,25,5,4.0568815287749995,246.4947504399903,245.57278600009158,1.9797124349880255,250.53718900028616,244.39649999979883,6162.368760999758,6162.979734999128
tpch,sqljs,[],1785520818095,"[0.5, 5.0]",,sqljs_tpch_05_q5,,5,5,0.823125307923612,1214.8818538000808,1210.5292429998517,11.521398010182708,1235.2484160000458,1201.9334729998372,6074.409269000404,6074.561997000594
tpch,sqljs,[],1785520818095,"[0.5, 6.0]",,sqljs_tpch_05_q6,,8,4,1.3502540416306725,740.601375125174,737.7072720001452,9.19453376174095,763.263653000351,732.8553559998982,5924.811001001392,5925.017348999623
tpch,sqljs,[],1785520818095,"[0.5, 7.0]",,sqljs_tpch_05_q7,,3,3,0.5698373803212817,1754.8866299999256,1765.6632920000702,49.16636823097448,1808.9869140000083,1690.0096839996986,5264.659889999777,5264.918139999732
tpch,sqljs,[],1785520818095,"[0.5, 8.0]",,sqljs_tpch_05_q8,,2,2,0.35900454476686733,2785.48005750007,2790.787057999987,5.307000499917194,2790.787057999987,2780.1730570001528,5570.96011500014,5571.387752999552
tpch,sqljs,[],1785520818095,"[0.5, 9.0]",,sqljs_tpch_05_q9,,1,1,0.1676454895010096,5964.968117999844,5964.968117999844,0.0,5964.968117999844,5964.968117999844,5964.968117999844,5965.001139000058
tpch,sqljs,[],1785520818095,"[0.5, 10.0]",,sqljs_tpch_05_q10,,8,4,1.2136595029228938,823.9543278750498,823.4750930001028,6.76637149457876,838.0055669997819,815.6564190001227,6591.634623000398,6596.552379000001
tpch,sqljs,[],1785520818095,"[0.5, 11.0]",,sqljs_tpch_05_q11,,12,4,2.3696817939691392,421.9975874165927,422.33178499992937,9.702049699781213,441.09150899993256,404.9324070001021,5063.971048999112,5064.367927001324
tpch,sqljs,[],1785520818095,"[0.5, 12.0]",,sqljs_tpch_05_q12,,8,4,1.4852157158996715,673.3028672499931,672.6684879995883,7.65073388759022,685.6758889998309,663.7532829996198,5386.422937999945,5386.662856999319
tpch,sqljs,[],1785520818095,"[0.5, 13.0]",,sqljs_tpch_05_q13,,2,2,0.2357980036109733,4240.918008999899,4263.091569999699,22.17356099979952,4263.091569999699,4218.7444480000995,8481.836017999798,8481.918732999824
tpch,sqljs,[],1785520818095,"[0.5, 14.0]",,sqljs_tpch_05_q14,,8,4,1.3938709148247028,717.4265488750534,713.7059949999675,7.664303334386422,731.1357559999451,708.749392000027,5739.412391000427,5739.664450998884
tpch,sqljs,[],1785520818095,"[0.5, 15.0]",,sqljs_tpch_05_q15,,4,4,0.6824929860554492,1465.2165229999227,1474.4609479997307,12.865455936433909,1480.1707590003498,1447.6306789997034,5860.866091999691,5860.9926089998335
tpch,sqljs,[],1785520818095,"[0.5, 16.0]",,sqljs_tpch_05_q16,,20,5,3.532699972123856,283.06960904998704,281.95186799997464,4.08674037925714,290.97397099994123,277.77726899972185,5661.392180999741,5662.1267209993675
tpch,sqljs,[],1785520818095,"[0.5, 18.0]",,sqljs_tpch_05_q18,,6,3,1.147224565154207,871.668922000099,865.1583930002525,19.94063054102699,915.7019730000757,856.4652950000018,5230.013532000594,5230.211321999785
tpch,sqljs,[],1785520818095,"[0.5, 19.0]",,sqljs_tpch_05_q19,,6,3,1.1972582749585539,835.241669166678,834.2304890002124,6.5029056483146865,847.2852980000898,827.4674729998223,5011.450015000068,5011.625641999766
tpch,sqljs,[],1785520818095,"[0.5, 21.0]",,sqljs_tpch_05_q21,,2,2,0.20264159294695616,4934.821057500085,4939.417576000094,4.596518500009552,4939.417576000094,4930.224539000075,9869.64211500017,9869.708338999655
tpch,sqljs,[],1785520453226,"[0.25, 1.0]",,sqljs_tpch_025_q1,,2,2,0.339394966004073,2946.41965899989,3339.826419999823,393.4067609999329,3339.826419999823,2553.012897999957,5892.83931799978,5892.997071999824
tpch,sqljs,[],1785520453226,"[0.25, 2.0]",,sqljs_tpch_025_q2,,70,5,13.570156123226246,73.69111975715828,73.24738000007346,1.3402362703330253,80.0819129999727,72.58401199989021,5158.37838300108,5159.435518000973
tpch,sqljs,[],1785520453226,"[0.25, 3.0]",,sqljs_tpch_025_q3,,10,5,1.8391928864601883,543.7167615000159,544.3119300000835,2.536163865338163,547.6570619998965,538.7913069999777,5437.167615000159,5437.348911999958
tpch,sqljs,[],1785520453226,"[0.25, 4.0]",,sqljs_tpch_025_q4,,45,5,8.371211582179036,119.45702126665144,119.28134300000966,0.9040770992098976,124.17264000000432,118.49019799986854,5375.565956999315,5376.0892419999
tpch,sqljs,[],1785520453226,"[0.25, 5.0]",,sqljs_tpch_025_q5,,10,5,1.7424390762833193,573.9081575999968,574.0152769999113,1.96576372359203,576.8421109998599,570.8094940001611,5739.081575999968,5739.277488999767
tpch,sqljs,[],1785520453226,"[0.25, 6.0]",,sqljs_tpch_025_q6,,15,5,2.7714818133204226,360.8178106000026,360.7144079999998,1.0370247493421114,363.60800000000745,359.44841599999927,5412.267159000039,5412.439674000023
tpch,sqljs,[],1785520453226,"[0.25, 7.0]",,sqljs_tpch_025_q7,,8,4,1.2611856724957136,792.904662499961,793.7803529999219,3.684357632214769,799.2992549999617,788.1504460000433,6343.237299999688,6343.487836999819
tpch,sqljs,[],1785520453226,"[0.25, 8.0]",,sqljs_tpch_025_q8,,5,5,0.823192024402312,1214.783392399922,1217.4657939998433,4.617632579261133,1219.0415069998708,1208.497720999876,6073.91696199961,6074.042636999628
tpch,sqljs,[],1785520453226,"[0.25, 9.0]",,sqljs_tpch_025_q9,,3,3,0.43599529396793557,2293.6027380000646,2279.702527000103,21.9267310954933,2324.558267999906,2276.547419000184,6880.808214000193,6880.878414000152
tpch,sqljs,[],1785520453226,"[0.25, 10.0]",,sqljs_tpch_025_q10,,15,5,2.597005373851068,385.05888746664857,384.6588129999582,1.5698568958623051,389.2161649998743,383.4931880000513,5775.883311999729,5776.271014999598
tpch,sqljs,[],1785520453226,"[0.25, 11.0]",,sqljs_tpch_025_q11,,30,5,5.175271310234357,193.22658466667247,193.06184699991718,0.6767066687435279,194.82447500014678,192.3751160001848,5796.797540000174,5797.241028000135
tpch,sqljs,[],1785520453226,"[0.25, 12.0]",,sqljs_tpch_025_q12,,16,4,3.1095931345450567,321.5854797500069,321.4362230000552,0.8012082855924749,323.4844949999824,320.4154179999605,5145.367676000111,5145.515597999562
tpch,sqljs,[],1785520453227,"[0.25, 13.0]",,sqljs_tpch_025_q13,,3,3,0.5908114590201149,1692.587346999906,1688.179146999959,8.079411325671918,1703.9205849999562,1685.662308999803,5077.762040999718,5077.858038000297
tpch,sqljs,[],1785520453227,"[0.25, 14.0]",,sqljs_tpch_025_q14,,15,5,2.936669552310104,340.521799333316,340.2391470000148,0.9792144718079312,343.85776200005785,339.4276940000709,5107.826989999739,5108.153015000047
tpch,sqljs,[],1785520453227,"[0.25, 15.0]",,sqljs_tpch_025_q15,,8,4,1.4719329269249553,679.3787826250482,679.4321030001156,1.0663167178897524,681.1996809998527,678.2238590000197,5435.0302610003855,5435.168658000184
tpch,sqljs,[],1785520453227,"[0.25, 16.0]",,sqljs_tpch_025_q16,,45,5,8.052479623063928,124.18534995553394,124.0228669999633,0.5452826896133185,126.29268199997023,123.46975399996154,5588.340747999027,5588.725194999715
tpch,sqljs,[],1785520453227,"[0.25, 18.0]",,sqljs_tpch_025_q18,,15,5,2.47651228366259,403.79367653330166,403.1830469998531,1.693245829917774,408.93983199982904,402.04192600003444,6056.905147999525,6057.0610500006005
tpch,sqljs,[],1785520453227,"[0.25, 19.0]",,sqljs_tpch_025_q19,,15,5,2.4434481744965004,409.25770820003623,421.49676300003193,14.42345636104437,423.90981700015254,391.96589200012386,6138.865623000544,6139.172403000295
tpch,sqljs,[],1785520453227,"[0.25, 21.0]",,sqljs_tpch_025_q21,,3,3,0.4314460148743625,2317.7870823333506,2315.8270990001038,7.522054976126677,2327.8219520000275,2309.7121959999204,6953.361247000052,6953.426547999959
tpch,duckdb,[sync],1785520340613,"[0.25, 1.0]",,duckdb_sync_tpch_025_q1,,49,5,9.592454682580287,104.2486030000205,101.90523399994709,5.95018868358654,134.24950899998657,100.37400699988939,5108.181547001004,5109.465023999102
tpch,duckdb,[sync],1785520340613,"[0.25, 2.0]",,duckdb_sync_tpch_025_q2,,487,5,96.9968560990516,10.309612498974362,9.815346000017598,1.738248023900046,25.042066000169143,9.135576999979094,5020.781287000515,5024.6757839981
tpch,duckdb,[sync],1785520340613,"[0.25, 3.0]",,duckdb_sync_tpch_025_q3,,231,5,45.78360160466074,21.841881480512463,21.5620039999485,1.109900484049381,33.638338999822736,21.188297000015154,5045.474621998379,5047.317260001786
tpch,duckdb,[sync],1785520340613,"[0.25, 4.0]",,duckdb_sync_tpch_025_q4,,193,5,38.057220882792606,26.276222404146836,26.124978999840096,0.817272765759956,33.516912000020966,25.72766700014472,5071.31092400034,5072.792089000111
tpch,duckdb,[sync],1785520340613,"[0.25, 5.0]",,duckdb_sync_tpch_025_q5,,209,5,41.436395217621424,24.13337344496453,23.965760000050068,0.7055822066480371,29.649646000005305,23.587192999897525,5043.875049997587,5045.248857998755
tpch,duckdb,[sync],1785520340613,"[0.25, 6.0]",,duckdb_sync_tpch_025_q6,,417,5,82.94917912477531,12.055574395688256,11.911957000149414,0.5541113764037885,19.26558899995871,11.701013999991119,5027.174523002002,5029.6394120005425
tpch,duckdb,[sync],1785520340613,"[0.25, 7.0]",,duckdb_sync_tpch_025_q7,,190,5,37.4847093581913,26.677544447372814,26.46541400020942,0.7820496695865204,31.92259699990973,26.095944999950007,5068.733445000835,5070.0507280007005
tpch,duckdb,[sync],1785520340613,"[0.25, 8.0]",,duckdb_sync_tpch_025_q8,,150,5,29.31303891958134,34.11451138667142,33.98266199999489,0.7279036864841641,39.56445800000802,33.3680549999699,5117.176708000712,5118.1569250000175
tpch,duckdb,[sync],1785520340613,"[0.25, 9.0]",,duckdb_sync_tpch_025_q9,,85,5,16.73543473703893,59.75345222355031,59.429145000176504,1.316137991436838,65.31825400004163,57.365162999834865,5079.043439001776,5080.0670889997855
tpch,duckdb,[sync],1785520340613,"[0.25, 10.0]",,duckdb_sync_tpch_025_q10,,90,5,17.77621847422588,56.2549341666745,56.090904999990016,0.6771751365477654,60.396730000153184,55.636616999981925,5062.944075000705,5063.80780199985
tpch,duckdb,[sync],1785520340613,"[0.25, 11.0]",,duckdb_sync_tpch_025_q11,,1050,5,209.7205061106131,4.768250938096483,4.658533000154421,0.49664618690261697,11.076689000008628,4.569607000099495,5006.663485001307,5012.405033001443
tpch,duckdb,[sync],1785520340613,"[0.25, 12.0]",,duckdb_sync_tpch_025_q12,,105,5,20.185896407049484,49.539538885712886,49.445515000028536,0.4863496111750836,52.03960600006394,48.88844500016421,5201.651582999853,5202.5711650000885
tpch,duckdb,[sync],1785520340613,"[0.25, 13.0]",,duckdb_sync_tpch_025_q13,,76,5,14.976358957227186,66.77190382896285,66.69147900003009,0.7223398520485818,70.10070999991149,65.90905899996869,5074.664691001177,5075.259210000513
tpch,duckdb,[sync],1785520340613,"[0.25, 14.0]",,duckdb_sync_tpch_025_q14,,349,5,69.24047278018837,14.442420160454594,14.375607999972999,0.2619071246314493,17.16729100001976,14.233823999995366,5040.404635998653,5044.718391002854
tpch,duckdb,[sync],1785520340613,"[0.25, 15.0]",,duckdb_sync_tpch_025_q15,,436,5,86.81128747670283,11.519239364677844,11.453323000110686,0.2786234226053326,15.577237999998033,11.267446000128984,5022.38836299954,5024.515987999272
tpch,duckdb,[sync],1785520340613,"[0.25, 16.0]",,duckdb_sync_tpch_025_q16,,300,5,59.543057915961086,16.794569090008736,16.59241499984637,0.9384224275987031,24.812101000221446,16.39560699998401,5038.370727002621,5039.866675000871
tpch,duckdb,[sync],1785520340613,"[0.25, 17.0]",,duckdb_sync_tpch_025_q17,,334,5,66.18733940789079,15.10862967065845,15.056838999968022,0.18680558751707982,16.547450999962166,14.944238000083715,5046.282309999922,5047.832494001603
tpch,duckdb,[sync],1785520340613,"[0.25, 18.0]",,duckdb_sync_tpch_025_q18,,85,5,16.681504904527905,59.946629858830505,59.93376100016758,1.1502990355817968,63.32943899999373,55.286157000111416,5095.463538000593,5096.202007000335
tpch,duckdb,[sync],1785520340613,"[0.25, 19.0]",,duckdb_sync_tpch_025_q19,,65,5,12.62553320006027,79.20457569231422,79.02489300002344,0.7364568051331575,83.73652500007302,78.56816899986006,5148.297420000425,5148.72568600066
tpch,duckdb,[sync],1785520340613,"[0.25, 20.0]",,duckdb_sync_tpch_025_q20,,251,5,49.71094057518071,20.116296099600905,19.942043999908492,0.9342351916222748,31.324946000007913,19.706544999964535,5049.190320999827,5050.487919000909
tpch,duckdb,[sync],1785520340613,"[0.25, 21.0]",,duckdb_sync_tpch_025_q21,,65,5,12.51169408375004,79.92522781537488,79.69825000013225,0.8351733672242773,85.11109000002034,79.13128200010397,5195.139807999367,5195.691390000051
tpch,duckdb,[sync],1785520340613,"[0.25, 22.0]",,duckdb_sync_tpch_025_q22,,488,5,97.04104808510388,10.304917555331963,10.240428999997675,0.37748720475009145,16.17442199983634,10.150770999956876,5028.799767001998,5030.968524998287
tpch,arquero,[],1785520563452,"[0.25, 1.0]",Arquero does not implement join reordering and query unnesting. The plans were generated by a relational database and were manually migrated to the Arquero API.,arquero_tpch_025_q1,"Benchmark `arquero_tpch_025_q1` failed to run `before` callback: Unrecognized type: ""undefined""",0,0,0.0,0.0,0.0,0.0,0.0,0.0,0.0,0.0
tpch,arquero,[],1785520563452,"[0.25, 2.0]",Arquero does not implement join reordering and query unnesting. The plans were generated by a relational database and were manually migrated to the Arquero API.,arquero_tpch_025_q2,"Benchmark `arquero_tpch_025_q2` failed to run `before` callback: Unrecognized type: ""undefined""",0,0,0.0,0.0,0.0,0.0,0.0,0.0,0.0,0.0
tpch,arquero,[],1785520563452,"[0.25, 3.0]",Arquero does not implement join reordering and query unnesting. The plans were generated by a relational database and were manually migrated to the Arquero API.,arquero_tpch_025_q3,"Benchmark `arquero_tpch_025_q3` failed to run `before` callback: Unrecognized type: ""undefined""",0,0,0.0,0.0,0.0,0.0,0.0,0.0,0.0,0.0
tpch,arquero,[],1785520563452,"[0.25, 4.0]",Arquero does not implement join reordering and query unnesting. The plans were generated by a relational database and were manually migrated to the Arquero API.,arquero_tpch_025_q4,"Benchmark `arquero_tpch_025_q4` failed to run `before` callback: Unrecognized type: ""undefined""",0,0,0.0,0.0,0.0,0.0,0.0,0.0,0.0,0.0
tpch,arquero,[],1785520563452,"[0.25, 5.0]",Arquero does not implement join reordering and query unnesting. The plans were generated by a relational database and were manually migrated to the Arquero API.,arquero_tpch_025_q5,"Benchmark `arquero_tpch_025_q5` failed to run `before` callback: Unrecognized type: ""undefined""",0,0,0.0,0.0,0.0,0.0,0.0,0.0,0.0,0.0
tpch,arquero,[],1785520563452,"[0.25, 6.0]",Arquero does not implement join reordering and query unnesting. The plans were generated by a relational database and were manually migrated to the Arquero API.,arquero_tpch_025_q6,"Benchmark `arquero_tpch_025_q6` failed to run `before` callback: Unrecognized type: ""undefined""",0,0,0.0,0.0,0.0,0.0,0.0,0.0,0.0,0.0
tpch,arquero,[],1785520563452,"[0.25, 7.0]",Arquero does not implement join reordering and query unnesting. The plans were generated by a relational database and were manually migrated to the Arquero API.,arquero_tpch_025_q7,"Benchmark `arquero_tpch_025_q7` failed to run `before` callback: Unrecognized type: ""undefined""",0,0,0.0,0.0,0.0,0.0,0.0,0.0,0.0,0.0
tpch,arquero,[],1785520563453,"[0.25, 8.0]",Arquero does not implement join reordering and query unnesting. The plans were generated by a relational database and were manually migrated to the Arquero API.,arquero_tpch_025_q8,"Benchmark `arquero_tpch_025_q8` failed to run `before` callback: Unrecognized type: ""undefined""",0,0,0.0,0.0,0.0,0.0,0.0,0.0,0.0,0.0
tpch,arquero,[],1785520563453,"[0.25, 10.0]",Arquero does not implement join reordering and query unnesting. The plans were generated by a relational database and were manually migrated to the Arquero API.,arquero_tpch_025_q10,"Benchmark `arquero_tpch_025_q10` failed to run `before` callback: Unrecognized type: ""undefined""",0,0,0.0,0.0,0.0,0.0,0.0,0.0,0.0,0.0
tpch,arquero,[],1785520563453,"[0.25, 11.0]",Arquero does not implement join reordering and query unnesting. The plans were generated by a relational database and were manually migrated to the Arquero API.,arquero_tpch_025_q11,"Benchmark `arquero_tpch_025_q11` failed to run `before` callback: Unrecognized type: ""undefined""",0,0,0.0,0.0,0.0,0.0,0.0,0.0,0.0,0.0
tpch,arquero,[],1785520563453,"[0.25, 12.0]",Arquero does not implement join reordering and query unnesting. The plans were generated by a relational database and were manually migrated to the Arquero API.,arquero_tpch_025_q12,"Benchmark `arquero_tpch_025_q12` failed to run `before` callback: Unrecognized type: ""undefined""",0,0,0.0,0.0,0.0,0.0,0.0,0.0,0.0,0.0
tpch,arquero,[],1785520563453,"[0.25, 13.0]",Arquero does not implement join reordering and query unnesting. The plans were generated by a relational database and were manually migrated to the Arquero API.,arquero_tpch_025_q13,"Benchmark `arquero_tpch_025_q13` failed to run `before` callback: Unrecognized type: ""undefined""",0,0,0.0,0.0,0.0,0.0,0.0,0.0,0.0,0.0
tpch,arquero,[],1785520563453,"[0.25, 14.0]",Arquero does not implement join reordering and query unnesting. The plans were generated by a relational database and were manually migrated to the Arquero API.,arquero_tpch_025_q14,"Benchmark `arquero_tpch_025_q14` failed to run `before` callback: Unrecognized type: ""undefined""",0,0,0.0,0.0,0.0,0.0,0.0,0.0,0.0,0.0
tpch,arquero,[],1785520563453,"[0.25, 15.0]",Arquero does not implement join reordering and query unnesting. The plans were generated by a relational database and were manually migrated to the Arquero API.,arquero_tpch_025_q15,"Benchmark `arquero_tpch_025_q15` failed to run `before` callback: Unrecognized type: ""undefined""",0,0,0.0,0.0,0.0,0.0,0.0,0.0,0.0,0.0
tpch,arquero,[],1785520563453,"[0.25, 16.0]",Arquero does not implement join reordering and query unnesting. The plans were generated by a relational database and were manually migrated to the Arquero API.,arquero_tpch_025_q16,"Benchmark `arquero_tpch_025_q16` failed to run `before` callback: Unrecognized type: ""undefined""",0,0,0.0,0.0,0.0,0.0,0.0,0.0,0.0,0.0
tpch,arquero,[],1785520563453,"[0.25, 17.0]",Arquero does not implement join reordering and query unnesting. The plans were generated by a relational database and were manually migrated to the Arquero API.,arquero_tpch_025_q17,"Benchmark `arquero_tpch_025_q17` failed to run `before` callback: Unrecognized type: ""undefined""",0,0,0.0,0.0,0.0,0.0,0.0,0.0,0.0,0.0
tpch,arquero,[],1785520563453,"[0.25, 18.0]",Arquero does not implement join reordering and query unnesting. The plans were generated by a relational database and were manually migrated to the Arquero API.,arquero_tpch_025_q18,"Benchmark `arquero_tpch_025_q18` failed to run `before` callback: Unrecognized type: ""undefined""",0,0,0.0,0.0,0.0,0.0,0.0,0.0,0.0,0.0
tpch,arquero,[],1785520563453,"[0.25, 19.0]",Arquero does not implement join reordering and query unnesting. The plans were generated by a relational database and were manually migrated to the Arquero API.,arquero_tpch_025_q19,"Benchmark `arquero_tpch_025_q19` failed to run `before` callback: Unrecognized type: ""undefined""",0,0,0.0,0.0,0.0,0.0,0.0,0.0,0.0,0.0
tpch,arquero,[],1785520563453,"[0.25, 20.0]",Arquero does not implement join reordering and query unnesting. The plans were generated by a relational database and were manually migrated to the Arquero API.,arquero_tpch_025_q20,"Benchmark `arquero_tpch_025_q20` failed to run `before` callback: Unrecognized type: ""undefined""",0,0,0.0,0.0,0.0,0.0,0.0,0.0,0.0,0.0
tpch,arquero,[],1785520563453,"[0.25, 22.0]",Arquero does not implement join reordering and query unnesting. The plans were generated by a relational database and were manually migrated to the Arquero API.,arquero_tpch_025_q22,"Benchmark `arquero_tpch_025_q22` failed to run `before` callback: Unrecognized type: ""undefined""",0,0,0.0,0.0,0.0,0.0,0.0,0.0,0.0,0.0
integer_join2,lovefield,[],1785519310042,"[1000.0, 10000.0, 10.0, 100.0]",,lovefield_integer_join2_1000_10000_100_10,,2845,5,570.2351559204945,1.7536624840076076,1.6829610000131652,0.5084182240984344,19.411080999998376,1.4053239999338984,4989.169767001644,5004.062800001469
integer_join2,lovefield,[],1785519310042,"[10000.0, 100000.0, 10.0, 100.0]",,lovefield_integer_join2_10000_100000_100_10,,200,5,39.60483581191669,25.249441880001687,23.562254999997094,5.4285232185669825,64.19794699992053,22.521910000010394,5049.888376000337,5052.18002199952
integer_join2,lovefield,[],1785519310042,"[100000.0, 100000.0, 10.0, 100.0]",,lovefield_integer_join2_100000_100000_100_10,,101,5,19.698975343150696,50.764061712869676,49.64059199998155,9.862034228947929,93.89005000004545,40.77533299999777,5127.170232999837,5128.504805999808
integer_join2,lovefield,[],1785519310042,"[100000.0, 1000000.0, 10.0, 100.0]",,lovefield_integer_join2_100000_1000000_100_10,,17,5,2.9622792730369927,337.57789452943047,328.3139680000022,35.70085364900895,475.1196090000449,313.47877399995923,5738.824207000318,5739.091919000144
integer_join2,sqljs,[],1785519310042,"[1000.0, 10000.0, 10.0, 100.0]",,sqljs_integer_join2_1000_10000_10_100,,497,5,98.92515033553151,10.108652820928027,9.976722999941558,1.0518971186018655,30.805621000006795,9.914786999928765,5024.00045200123,5026.633239999646
integer_join2,sqljs,[],1785519310042,"[10000.0, 100000.0, 10.0, 100.0]",,sqljs_integer_join2_10000_100000_10_100,,45,5,8.082292083248124,123.72727806665935,123.62465200002771,1.9182324848842385,126.22320300003048,121.51804999995511,5567.727512999671,5568.0766630000435
integer_join2,sqljs,[],1785519310042,"[100000.0, 100000.0, 10.0, 100.0]",,sqljs_integer_join2_100000_100000_10_100,,40,5,7.773457350426421,128.64288757500472,128.43149900005665,0.7550261360189725,131.03980600007344,127.87479099992197,5145.715503000189,5145.987375999917
integer_join2,sqljs,[],1785519310042,"[100000.0, 1000000.0, 10.0, 100.0]",,sqljs_integer_join2_100000_1000000_10_100,,3,3,0.43353537655131835,2306.6168393333596,2296.5174520000583,14.329897421791847,2326.882337999996,2296.4507280000253,6919.850518000079,6919.937189999851
integer_join2,arquero,[],1785519310042,"[1000.0, 10000.0, 10.0, 100.0]",,arquero_integer_join2_1000_10000_100_10,,3681,5,738.4851525045536,1.3541233653899816,1.2993659999920055,0.34481168698998615,17.332194000016898,1.2673759999452159,4984.5281080005225,5000.920854999567
integer_join2,arquero,[],1785519310042,"[10000.0, 100000.0, 10.0, 100.0]",,arquero_integer_join2_10000_100000_100_10,,414,5,82.52993434126671,12.1168156497609,11.808792999945581,0.951748417333069,19.819704000023194,11.738890999928117,5016.361679001013,5018.444252998917
integer_join2,arquero,[],1785519310042,"[100000.0, 100000.0, 10.0, 100.0]",,arquero_integer_join2_100000_100000_100_10,,252,5,49.87576435959961,20.049818039681423,19.620543000055477,1.3063063588804795,29.205935000092722,19.538218999980018,5052.5541459997185,5058.999039999675
integer_join2,arquero,[],1785519310042,"[100000.0, 1000000.0, 10.0, 100.0]",,arquero_integer_join2_100000_1000000_100_10,,40,5,7.194211893943417,139.00063199999278,138.77211900008842,0.8698982194198697,143.36931999993976,138.43808799993712,5560.025279999711,5560.27037399984
integer_join2,duckdb,[sync],1785519310042,"[1000.0, 10000.0, 10.0, 100.0]",,duckdb_sync_integer_join2_1000_10000_10_100,,4392,5,882.7604247784722,1.1328101848822107,0.9629379999823868,0.4824138661673339,10.448613000102341,0.886454000021331,4975.30233200267,5000.02748600347
integer_join2,duckdb,[sync],1785519310042,"[10000.0, 100000.0, 10.0, 100.0]",,duckdb_sync_integer_join2_10000_100000_10_100,,4177,5,839.4802153469312,1.1912133028492289,1.1562579999445006,0.20416335164588179,5.7490909999469295,1.1243580000009388,4975.697966001229,5000.5756379992235
integer_join2,duckdb,[sync],1785519310042,"[100000.0, 100000.0, 10.0, 100.0]",,duckdb_sync_integer_join2_100000_100000_10_100,,3456,5,693.2104125134077,1.4425634438672812,1.4196999999694526,0.18794266784524966,4.349288000026718,1.3867679999675602,4985.4992620053235,5001.38827300421
integer_join2,duckdb,[sync],1785519310042,"[100000.0, 1000000.0, 10.0, 100.0]",,duckdb_sync_integer_join2_100000_1000000_10_100,,1175,5,234.6669603681547,4.261358302980364,4.229083999991417,0.24808400648154663,7.953386000008322,4.174561000079848,5007.096006001928,5012.4304880010895
tpch,duckdb,[sync],1785519680783,"[0.01, 1.0]",,duckdb_sync_tpch_001_q1,,846,5,168.81325945787225,5.923705301416518,5.6049599999096245,1.0035610836121893,19.78128800005652,4.918097000103444,5011.454684998374,5019.301413002191
tpch,duckdb,[sync],1785519680783,"[0.01, 2.0]",,duckdb_sync_tpch_001_q2,,980,5,196.01354712341558,5.101688197960992,4.785961000015959,0.9744997270358778,15.574615000048652,4.5125930001959205,4999.654434001772,5005.571857998846
tpch,duckdb,[sync],1785519680783,"[0.01, 3.0]",,duckdb_sync_tpch_001_q3,,1775,5,355.20607657048794,2.815267153239586,2.7509839998092502,0.4302127661532589,10.025862999958917,2.5303829999174923,4997.099197000265,5006.285803995794
tpch,duckdb,[sync],1785519680783,"[0.01, 4.0]",,duckdb_sync_tpch_001_q4,,1566,5,313.9101488219197,3.1856249431658137,3.146775000030175,0.2767815261141238,10.01587100001052,2.8537379999179393,4988.688660997665,5006.64243999403
tpch,duckdb,[sync],1785519680783,"[0.01, 5.0]",,duckdb_sync_tpch_001_q5,,995,5,198.7098837286217,5.032462307540278,4.987086999928579,0.5243017767937663,13.935428000055254,4.575027999933809,5007.299996002577,5011.742616995703
tpch,duckdb,[sync],1785519680783,"[0.01, 6.0]",,duckdb_sync_tpch_001_q6,,4870,5,977.1842747602768,1.0233484367575607,1.0118480001110584,0.13917964397947588,4.680374999996275,0.904257999965921,4983.706887009321,5001.552461009007
tpch,duckdb,[sync],1785519680783,"[0.01, 7.0]",,duckdb_sync_tpch_001_q7,,948,5,189.2371638152912,5.284374273206031,5.208119999850169,0.6457490330267309,13.971444000024348,4.735047000227496,5009.586810999317,5013.634108999744
tpch,duckdb,[sync],1785519680784,"[0.01, 8.0]",,duckdb_sync_tpch_001_q8,,836,5,167.1795250222516,5.981593738030419,5.910189999965951,0.5614370541426285,14.865086999954656,5.415105999913067,5000.612364993431,5012.555034003453
tpch,duckdb,[sync],1785519680784,"[0.01, 9.0]",,duckdb_sync_tpch_001_q9,,807,5,160.99675872777894,6.211305170999425,6.081890000030398,0.6835382730350265,14.370277999900281,5.672816999955103,5012.5232729965355,5016.26363699697
tpch,duckdb,[sync],1785519680784,"[0.01, 10.0]",,duckdb_sync_tpch_001_q10,,899,5,179.5622311275476,5.569099880974829,5.514450999908149,0.4134551047913378,11.635041000088677,5.447311999974772,5006.620792996371,5011.1668170013
tpch,duckdb,[sync],1785519680784,"[0.01, 11.0]",,duckdb_sync_tpch_001_q11,,2176,5,435.7508109874265,2.2948895900709054,2.249486999819055,0.3796761263873579,9.20958699984476,2.0297779999673367,4993.679747994291,5003.580014003674
tpch,duckdb,[sync],1785519680784,"[0.01, 12.0]",,duckdb_sync_tpch_001_q12,,1268,5,253.6087457987832,3.943081682180686,3.910781000042334,0.3455235138677966,10.29290400003083,3.5470399998594075,4999.82757300511,5005.788374999771
tpch,duckdb,[sync],1785519680784,"[0.01, 13.0]",,duckdb_sync_tpch_001_q13,,1391,5,278.01924484264725,3.5968733048173624,3.575595000060275,0.2793838784547876,9.20938100013882,3.2610379999969155,5003.250767000951,5009.715129002463
tpch,duckdb,[sync],1785519680784,"[0.01, 14.0]",,duckdb_sync_tpch_001_q14,,2982,5,598.0502988678461,1.6721001592894023,1.65725399996154,0.23153835933042197,6.869411999825388,1.489720999961719,4986.202675000997,5003.06871499354
tpch,duckdb,[sync],1785519680784,"[0.01, 15.0]",,duckdb_sync_tpch_001_q15,,2118,5,423.9222366881425,2.358923202076913,2.354534999933094,0.21087872723478254,6.802988999988884,2.142970000160858,4996.199341998901,5005.781606996898
tpch,duckdb,[sync],1785519680784,"[0.01, 16.0]",,duckdb_sync_tpch_001_q16,,1683,5,336.3926522112785,2.972716536542923,2.936509999912232,0.39313466017467275,9.869929999811575,2.662700000219047,5003.08193100174,5010.577491996111
tpch,duckdb,[sync],1785519680784,"[0.01, 17.0]",,duckdb_sync_tpch_001_q17,,3210,5,643.9928213598383,1.552812340187933,1.5517739998176694,0.24080226759329218,7.651551000075415,1.4078950001858175,4984.527612003265,5003.057457996532
tpch,duckdb,[sync],1785519680784,"[0.01, 18.0]",,duckdb_sync_tpch_001_q18,,1159,5,231.59929716069624,4.317802395169383,4.306703000096604,0.4769366767792647,11.42784500005655,3.935010999906808,5004.332976001315,5009.438121999381
tpch,duckdb,[sync],1785519680784,"[0.01, 19.0]",,duckdb_sync_tpch_001_q19,,969,5,193.417489951245,5.170163257997358,5.184112000046298,0.5730118019805786,13.895966000156477,4.740965000120923,5009.88819699944,5013.9862530012615
tpch,duckdb,[sync],1785519680784,"[0.01, 20.0]",,duckdb_sync_tpch_001_q20,,1180,5,235.68965023194573,4.242867682207873,4.246800000080839,0.4380018971326932,11.43103799992241,3.868925000075251,5006.58386500529,5011.79021700169
tpch,duckdb,[sync],1785519680784,"[0.01, 21.0]",,duckdb_sync_tpch_001_q21,,792,5,157.89259266941752,6.333419339650198,6.2992640000302345,0.6493215431164288,16.131428000051528,5.768493999959901,5016.068117002957,5019.5199989979155
tpch,duckdb,[sync],1785519680784,"[0.01, 22.0]",,duckdb_sync_tpch_001_q22,,1908,5,381.8188386272178,2.6190431137326167,2.612005000002682,0.3453850869197704,9.108358999947086,2.3751930000726134,4997.134261001833,5005.307043996872
tpch,arquero,[],1785520252504,"[0.1, 1.0]",Arquero does not implement join reordering and query unnesting. The plans were generated by a relational database and were manually migrated to the Arquero API.,arquero_tpch_01_q1,"Benchmark `arquero_tpch_01_q1` failed to run `before` callback: Unrecognized type: ""undefined""",0,0,0.0,0.0,0.0,0.0,0.0,0.0,0.0,0.0
tpch,arquero,[],1785520252504,"[0.1, 2.0]",Arquero does not implement join reordering and query unnesting. The plans were generated by a relational database and were manually migrated to the Arquero API.,arquero_tpch_01_q2,"Benchmark `arquero_tpch_01_q2` failed to run `before` callback: Unrecognized type: ""undefined""",0,0,0.0,0.0,0.0,0.0,0.0,0.0,0.0,0.0
tpch,arquero,[],1785520252504,"[0.1, 3.0]",Arquero does not implement join reordering and query unnesting. The plans were generated by a relational database and were manually migrated to the Arquero API.,arquero_tpch_01_q3,"Benchmark `arquero_tpch_01_q3` failed to run `before` callback: Unrecognized type: ""undefined""",0,0,0.0,0.0,0.0,0.0,0.0,0.0,0.0,0.0
tpch,arquero,[],1785520252504,"[0.1, 4.0]",Arquero does not implement join reordering and query unnesting. The plans were generated by a relational database and were manually migrated to the Arquero API.,arquero_tpch_01_q4,"Benchmark `arquero_tpch_01_q4` failed to run `before` callback: Unrecognized type: ""undefined""",0,0,0.0,0.0,0.0,0.0,0.0,0.0,0.0,0.0
tpch,arquero,[],1785520252504,"[0.1, 5.0]",Arquero does not implement join reordering and query unnesting. The plans were generated by a relational database and were manually migrated to the Arquero API.,arquero_tpch_01_q5,"Benchmark `arquero_tpch_01_q5` failed to run `before` callback: Unrecognized type: ""undefined""",0,0,0.0,0.0,0.0,0.0,0.0,0.0,0.0,0.0
tpch,arquero,[],1785520252504,"[0.1, 6.0]",Arquero does not implement join reordering and query unnesting. The plans were generated by a relational database and were manually migrated to the Arquero API.,arquero_tpch_01_q6,"Benchmark `arquero_tpch_01_q6` failed to run `before` callback: Unrecognized type: ""undefined""",0,0,0.0,0.0,0.0,0.0,0.0,0.0,0.0,0.0
tpch,arquero,[],1785520252504,"[0.1, 7.0]",Arquero does not implement join reordering and query unnesting. The plans were generated by a relational database and were manually migrated to the Arquero API.,arquero_tpch_01_q7,"Benchmark `arquero_tpch_01_q7` failed to run `before` callback: Unrecognized type: ""undefined""",0,0,0.0,0.0,0.0,0.0,0.0,0.0,0.0,0.0
tpch,arquero,[],1785520252504,"[0.1, 8.0]",Arquero does not implement join reordering and query unnesting. The plans were generated by a relational database and were manually migrated to the Arquero API.,arquero_tpch_01_q8,"Benchmark `arquero_tpch_01_q8` failed to run `before` callback: Unrecognized type: ""undefined""",0,0,0.0,0.0,0.0,0.0,0.0,0.0,0.0,0.0
tpch,arquero,[],1785520252504,"[0.1, 10.0]",Arquero does not implement join reordering and query unnesting. The plans were generated by a relational database and were manually migrated to the Arquero API.,arquero_tpch_01_q10,"Benchmark `arquero_tpch_01_q10` failed to run `before` callback: Unrecognized type: ""undefined""",0,0,0.0,0.0,0.0,0.0,0.0,0.0,0.0,0.0
tpch,arquero,[],1785520252504,"[0.1, 11.0]",Arquero does not implement join reordering and query unnesting. The plans were generated by a relational database and were manually migrated to the Arquero API.,arquero_tpch_01_q11,"Benchmark `arquero_tpch_01_q11` failed to run `before` callback: Unrecognized type: ""undefined""",0,0,0.0,0.0,0.0,0.0,0.0,0.0,0.0,0.0
tpch,arquero,[],1785520252504,"[0.1, 12.0]",Arquero does not implement join reordering and query unnesting. The plans were generated by a relational database and were manually migrated to the Arquero API.,arquero_tpch_01_q12,"Benchmark `arquero_tpch_01_q12` failed to run `before` callback: Unrecognized type: ""undefined""",0,0,0.0,0.0,0.0,0.0,0.0,0.0,0.0,0.0
tpch,arquero,[],1785520252504,"[0.1, 13.0]",Arquero does not implement join reordering and query unnesting. The plans were generated by a relational database and were manually migrated to the Arquero API.,arquero_tpch_01_q13,"Benchmark `arquero_tpch_01_q13` failed to run `before` callback: Unrecognized type: ""undefined""",0,0,0.0,0.0,0.0,0.0,0.0,0.0,0.0,0.0
tpch,arquero,[],1785520252504,"[0.1, 14.0]",Arquero does not implement join reordering and query unnesting. The plans were generated by a relational database and were manually migrated to the Arquero API.,arquero_tpch_01_q14,"Benchmark `arquero_tpch_01_q14` failed to run `before` callback: Unrecognized type: ""undefined""",0,0,0.0,0.0,0.0,0.0,0.0,0.0,0.0,0.0
tpch,arquero,[],1785520252504,"[0.1, 15.0]",Arquero does not implement join reordering and query unnesting. The plans were generated by a relational database and were manually migrated to the Arquero API.,arquero_tpch_01_q15,"Benchmark `arquero_tpch_01_q15` failed to run `before` callback: Unrecognized type: ""undefined""",0,0,0.0,0.0,0.0,0.0,0.0,0.0,0.0,0.0
tpch,arquero,[],1785520252504,"[0.1, 16.0]",Arquero does not implement join reordering and query unnesting. The plans were generated by a relational database and were manually migrated to the Arquero API.,arquero_tpch_01_q16,"Benchmark `arquero_tpch_01_q16` failed to run `before` callback: Unrecognized type: ""undefined""",0,0,0.0,0.0,0.0,0.0,0.0,0.0,0.0,0.0
tpch,arquero,[],1785520252504,"[0.1, 17.0]",Arquero does not implement join reordering and query unnesting. The plans were generated by a relational database and were manually migrated to the Arquero API.,arquero_tpch_01_q17,"Benchmark `arquero_tpch_01_q17` failed to run `before` callback: Unrecognized type: ""undefined""",0,0,0.0,0.0,0.0,0.0,0.0,0.0,0.0,0.0
tpch,arquero,[],1785520252504,"[0.1, 18.0]",Arquero does not implement join reordering and query unnesting. The plans were generated by a relational database and were manually migrated to the Arquero API.,arquero_tpch_01_q18,"Benchmark `arquero_tpch_01_q18` failed to run `before` callback: Unrecognized type: ""undefined""",0,0,0.0,0.0,0.0,0.0,0.0,0.0,0.0,0.0
tpch,arquero,[],1785520252504,"[0.1, 19.0]",Arquero does not implement join reordering and query unnesting. The plans were generated by a relational database and were manually migrated to the Arquero API.,arquero_tpch_01_q19,"Benchmark `arquero_tpch_01_q19` failed to run `before` callback: Unrecognized type: ""undefined""",0,0,0.0,0.0,0.0,0.0,0.0,0.0,0.0,0.0
tpch,arquero,[],1785520252504,"[0.1, 20.0]",Arquero does not implement join reordering and query unnesting. The plans were generated by a relational database and were manually migrated to the Arquero API.,arquero_tpch_01_q20,"Benchmark `arquero_tpch_01_q20` failed to run `before` callback: Unrecognized type: ""undefined""",0,0,0.0,0.0,0.0,0.0,0.0,0.0,0.0,0.0
tpch,arquero,[],1785520252504,"[0.1, 22.0]",Arquero does not implement join reordering and query unnesting. The plans were generated by a relational database and were manually migrated to the Arquero API.,arquero_tpch_01_q22,"Benchmark `arquero_tpch_01_q22` failed to run `before` callback: Unrecognized type: ""undefined""",0,0,0.0,0.0,0.0,0.0,0.0,0.0,0.0,0.0
